Date,facebook_impressions,bing_impressions,google_impressions,tiktok_impressions,pinterest_impressions,bing_spend,pinterest_spend,facebook_spend,google_spend,tiktok_spend,total_revenue,total_conversions,facebook_revenue,tiktok_revenue,pinterest_revenue,Organic_impressions,bing_revenue,google_revenue,Organic_impressions_lag1,week_of_year,seasonality_sin,seasonality_cos,is_holiday_week,avg_temp,rain_mm
2023-03-27,1359571,6987,1477958,112309.01149425287,182008,196.359996,235.642438,7089.899994,7429.480217,549.2680454942528,85739.4754,17528.65,20685.79,3104.0949424827586,12599.13,177136.4347826087,5026.95,47427.605439,177645.7048264858,13,1.0,-1.6081226496766366e-16,0,7.0,110.2
2023-04-03,4364738,34788,5279337,112309.01149425287,555825,946.53,825.62044,24097.759993,27599.588344,549.2680454942528,218566.0235,45315.71,65593.97,3104.0949424827586,23473.91,177136.4347826087,15000.59,114497.553453,177136.4347826087,14,0.992708874098054,-0.1205366802553228,1,8.9,63.8
2023-04-10,4223722,153226,5089586,112309.01149425287,599029,1422.519998,825.637045,22135.529985,25589.829639,549.2680454942528,284758.146,51899.11,70609.409999,3104.0949424827586,51390.35,177136.4347826087,13021.849999,149736.535962,177136.4347826087,15,0.970941817426052,-0.2393156642875575,0,8.9,63.8
2023-04-17,3296260,75495,5360297,112309.01149425287,467260,1422.849993,794.876034,21963.669983,25084.152413,549.2680454942528,238625.9903,43781.29,70025.38,3104.0949424827586,27933.69,177136.4347826087,15300.92,125366.000267,177136.4347826087,16,0.9350162426854148,-0.3546048870425354,0,8.9,63.8
2023-04-24,3793430,39616,4887907,112309.01149425287,315881,1415.409995,825.925,23379.339984,26221.453776,549.2680454942528,281379.2008,40389.54,75994.539999,3104.0949424827586,24773.21,177136.4347826087,25118.38,155493.070825,177136.4347826087,17,0.8854560256532099,-0.4647231720437685,0,8.9,63.8
2023-05-01,4157457,86652,5689027,112309.01149425287,336758,1332.659995,822.567615,23920.199981,27923.495805,549.2680454942528,295090.528,40091.1,94019.35,3104.0949424827586,28339.87,177136.4347826087,14813.27,157918.038024,177136.4347826087,18,0.8229838658936565,-0.5680647467311557,1,13.4,18.6
2023-05-08,4111255,73653,4955782,112309.01149425287,419838,1484.789993,947.675703,23460.149974,25594.300055,549.2680454942528,354745.9994,42215.35,117418.89,3104.0949424827586,42091.01,177136.4347826087,9761.7,185474.399405,177136.4347826087,19,0.7485107481711013,-0.663122658240795,1,13.4,18.6
2023-05-15,4111430,109086,5148251,112309.01149425287,424666,1544.989998,1000.331424,24167.579987,26801.078406,549.2680454942528,230501.8034,24275.22,80011.879999,3104.0949424827586,7895.98,177136.4347826087,8301.61,134292.333428,177136.4347826087,20,0.6631226582407952,-0.7485107481711012,0,13.4,18.6
2023-05-22,4082157,43934,5581049,112309.01149425287,390584,1119.769998,1001.0,25915.759984,27862.878081,549.2680454942528,261650.6178,21816.65,92868.21,3104.0949424827586,5034.43,177136.4347826087,21309.25,142438.727835,177136.4347826087,21,0.5680647467311558,-0.8229838658936564,0,13.4,18.6
2023-05-29,3703655,201555,5538724,112309.01149425287,330406,1815.129994,821.120332,22885.029986,30079.653542,549.2680454942528,301327.0744,21524.65,96557.399997,3104.0949424827586,14798.44,177136.4347826087,23176.17,166795.064371,177136.4347826087,22,0.464723172043769,-0.8854560256532096,1,13.4,18.6
2023-06-05,3685425,602226,5992067,112309.01149425287,360789,5101.589993,790.906653,23444.61998,31662.510826,549.2680454942528,287988.7412,22188.51,95807.969997,3104.0949424827586,10994.18,177136.4347826087,20357.38,160829.211244,177136.4347826087,23,0.3546048870425358,-0.9350162426854148,0,17.15,35.6
2023-06-12,3392332,188873,5774658,112309.01149425287,356995,2742.849995,762.58553,22253.729984,29761.074024,549.2680454942528,297923.211,21644.0,78496.719999,3104.0949424827586,21980.06,177136.4347826087,16491.299999,180955.130956,177136.4347826087,24,0.2393156642875576,-0.970941817426052,0,17.15,35.6
2023-06-19,2771640,6964,4888770,112309.01149425287,327478,1242.849999,684.608684,20125.079986,24685.823381,549.2680454942528,266178.7093,18798.78,99326.129996,3104.0949424827586,10277.81,177136.4347826087,13042.17,143532.599352,177136.4347826087,25,0.120536680255323,-0.992708874098054,0,17.15,35.6
2023-06-26,2633980,6005,4372232,112309.01149425287,312936,1161.929999,649.027964,19021.469987,22536.6706,549.2680454942528,212131.0333,18329.6,76803.909998,3104.0949424827586,15952.26,177136.4347826087,22535.39,96839.473317,177136.4347826087,26,-3.216245299353273e-16,-1.0,0,17.15,35.6
2023-07-03,2530220,6598,4137043,112309.01149425287,326579,863.079998,627.191593,18442.979989,20305.941273,549.2680454942528,172204.4357,18424.99,65022.95,3104.0949424827586,10554.7,177136.4347826087,8679.5,87947.285682,177136.4347826087,27,-0.1205366802553228,-0.992708874098054,0,16.35,162.0
2023-07-10,2529346,6562,3377599,112309.01149425287,316301,890.359997,610.834744,18586.369982,18784.865111,549.2680454942528,137605.1725,17761.19,45748.24,3104.0949424827586,5335.86,177136.4347826087,7532.19,78988.882465,177136.4347826087,28,-0.2393156642875574,-0.970941817426052,0,16.35,162.0
2023-07-17,2768078,6457,3828714,112309.01149425287,333071,935.899997,628.180114,20629.449993,20622.095482,549.2680454942528,181781.1862,17896.91,47699.9,3104.0949424827586,5262.04,177136.4347826087,21593.86,107225.386178,177136.4347826087,29,-0.3546048870425356,-0.9350162426854148,0,16.35,162.0
2023-07-24,3051225,5516,4892641,112309.01149425287,326639,879.759999,626.237942,22052.13998,27651.793559,549.2680454942528,205570.5709,17382.88,78704.38,3104.0949424827586,13270.09,177136.4347826087,26465.18,87130.920936,177136.4347826087,30,-0.464723172043768,-0.8854560256532101,0,16.35,162.0
2023-07-31,2644360,7784,3575803,112309.01149425287,356917,796.239999,627.492633,19417.769987,21819.843444,549.2680454942528,183860.8389,16917.16,62891.739999,3104.0949424827586,6695.38,177136.4347826087,6592.4,107681.318946,177136.4347826087,31,-0.5680647467311556,-0.8229838658936566,0,16.35,162.0
2023-08-07,1689863,6594,3980252,112309.01149425287,342299,901.899998,628.351281,12437.439982,23535.302538,549.2680454942528,180266.4655,16592.51,66302.329999,3104.0949424827586,8035.19,177136.4347826087,16771.37,89157.575486,177136.4347826087,32,-0.663122658240795,-0.7485107481711013,0,16.85,54.8
2023-08-14,1383487,7064,2706016,112309.01149425287,333863,899.599997,628.237447,9955.269995,16383.130645,549.2680454942528,146588.7897,16314.83,56989.659998,3104.0949424827586,3212.96,177136.4347826087,12418.919999,73967.249682,177136.4347826087,33,-0.7485107481711011,-0.6631226582407952,0,16.85,54.8
2023-08-21,1278942,6535,2363214,112309.01149425287,324507,894.379999,622.396182,10034.639979,14074.836766,549.2680454942528,121569.629,16735.74,37338.12,3104.0949424827586,8216.0,177136.4347826087,6794.06,69221.449003,177136.4347826087,34,-0.8229838658936564,-0.5680647467311559,0,16.85,54.8
2023-08-28,1269720,6585,2326506,112309.01149425287,302692,843.229997,626.876501,9736.249989,13055.26712,549.2680454942528,153008.2864,16553.61,54129.05,3104.0949424827586,10777.35,177136.4347826087,4567.41,83534.476386,177136.4347826087,35,-0.8854560256532096,-0.4647231720437691,0,16.85,54.8
2023-09-04,1154052,12565,2155412,66162.0,267337,1246.149997,629.833699,9445.579989,12423.500472,317.769999,143557.2564,16021.86,46540.12,119.6,6214.22,177136.4347826087,9273.279999,81410.036422,177136.4347826087,36,-0.9350162426854148,-0.3546048870425359,0,16.85,76.6
2023-09-11,1189068,17500,1878313,131989.0,273786,1198.369999,629.715713,11079.579988,11659.805859,564.71,124717.055,15052.03,37863.05,0.0,2129.89,177136.4347826087,8125.98,76598.135002,177136.4347826087,37,-0.970941817426052,-0.2393156642875577,0,16.85,76.6
2023-09-18,1096813,16177,1943365,124298.0,244943,894.669997,629.448431,10671.309991,11429.518894,565.619999,95326.0209,14063.38,25131.149999,1081.92,4024.29,177136.4347826087,5597.34,59491.320885,177136.4347826087,38,-0.992708874098054,-0.1205366802553235,0,16.85,76.6
2023-09-25,961835,13503,1767811,144328.0,237980,633.6,628.804163,10774.229992,11187.561783,552.199999,138962.6997,13950.0,62481.269999,582.72,3866.4,177136.4347826087,5552.92,66479.389704,177136.4347826087,39,-1.0,-1.8369701987210294e-16,0,16.85,76.6
2023-10-02,1077238,9299,1858484,183468.0,236369,672.43,629.259636,11047.639988,11001.314215,693.49,157495.0369,12454.7,49365.56,29.1,15861.74,177136.4347826087,14805.52,77433.116892,177136.4347826087,40,-0.992708874098054,0.1205366802553232,0,11.9,203.2
2023-10-09,1067319,12840,2266647,212497.0,229970,910.329999,627.102956,11320.209989,11841.072854,688.8,123120.5055,13728.45,46789.73,4.2,3687.65,177136.4347826087,1315.05,71323.875496,177136.4347826087,41,-0.970941817426052,0.2393156642875573,0,11.9,203.2
2023-10-16,1262688,9523,2287044,201478.0,206788,867.329999,629.683094,12259.819992,12918.297716,707.02,136376.6657,13042.25,54660.75,1819.25,4843.55,177136.4347826087,8096.749999,66956.365712,177136.4347826087,42,-0.9350162426854148,0.3546048870425355,0,11.9,203.2
2023-10-23,1362230,18155,2261963,198025.0,208490,835.869997,629.881715,12383.289985,12332.236166,781.82,160853.7374,12435.88,52759.359999,1543.6,10638.42,177136.4347826087,4388.45,91523.907432,177136.4347826087,43,-0.8854560256532101,0.464723172043768,0,11.9,203.2
2023-10-30,1295031,11071,2452672,199535.0,212689,794.139999,749.992651,12311.779989,13716.447537,833.629999,137867.5951,11739.32,51364.929997,659.75,1040.0,177136.4347826087,5101.1,79701.815087,177136.4347826087,44,-0.822983865893657,0.5680647467311548,0,11.9,203.2
2023-11-06,1232524,12514,2034782,206029.0,204010,475.93,770.0,12864.359993,12217.547159,844.039998,150911.1972,12160.88,51889.71,1808.7,9009.75,177136.4347826087,10942.35,77260.687192,177136.4347826087,45,-0.7485107481711011,0.6631226582407952,0,7.2,108.2
2023-11-13,1213935,11685,1984924,154627.0,210452,579.229997,769.936094,13683.509994,13025.648617,804.54,203455.8781,11337.87,70451.229997,10217.34,7753.48,177136.4347826087,25019.83,90013.998134,177136.4347826087,46,-0.6631226582407955,0.7485107481711007,0,7.2,108.2
2023-11-20,1031334,19078,1794879,112357.0,198674,937.819998,769.997927,14428.239993,14216.687572,723.549998,305820.7514,11317.64,140883.279997,4022.89,17283.55,177136.4347826087,14282.83,129348.201433,177136.4347826087,47,-0.5680647467311559,0.8229838658936564,0,7.2,108.2
2023-11-27,1243864,13555,2062643,97171.0,217566,850.63,769.992032,15157.849996,15052.831717,718.219999,149883.0967,9276.94,58780.459999,577.02,6707.1,177136.4347826087,6010.88,77807.636717,177136.4347826087,48,-0.4647231720437684,0.88545602565321,0,7.2,108.2
2023-12-04,1040382,6080,1977998,96888.0,210134,842.029998,769.995829,11201.359996,13907.878159,733.2,81270.251,9260.45,25832.84,24.5,744.15,177136.4347826087,3561.85,51106.91096,177136.4347826087,49,-0.3546048870425359,0.9350162426854148,0,6.7,163.4
2023-12-11,985475,5805,1699989,120550.0,211437,628.02,769.633975,9359.039989,11142.180573,721.719998,70227.1955,9467.75,27396.649999,1944.7,5511.15,177136.4347826087,536.569999,34838.125515,177136.4347826087,50,-0.2393156642875578,0.970941817426052,0,6.7,163.4
2023-12-18,880202,4484,1504566,129448.0,223810,508.969999,769.998849,6798.789995,7183.069931,715.47,41365.1666,8470.78,17765.43,1755.37,767.98,177136.4347826087,165.37,20911.0166,177136.4347826087,51,-0.1205366802553236,0.992708874098054,0,6.7,163.4
2023-12-25,961826,9870,1922113,158031.0,299887,560.09,770.0,6327.419997,7097.440906,753.75,105169.0982,11756.88,36199.96,997.28,4645.49,177136.4347826087,9142.59,54183.778243,177136.4347826087,52,6.432490598706546e-16,1.0,1,6.7,163.4
2024-01-01,1238153,15408,2063905,203112.0,364846,580.039999,770.0,7447.269993,7916.807029,683.42,157165.7262,14824.31,42656.619997,1823.269999,8504.96,177136.4347826087,7370.93,96809.946187,177136.4347826087,1,0.120536680255323,0.992708874098054,1,4.8,72.0
2024-01-08,1083997,16652,2360413,217054.0,333882,625.289997,769.992122,8737.399993,10280.502598,733.23,145551.1709,11470.41,38666.969999,2741.72,6256.01,15071.0,7917.51,89968.960922,177136.4347826087,2,0.2393156642875577,0.970941817426052,0,4.8,72.0
2024-01-15,1174149,17780,2445551,193327.0,278960,854.289997,744.09136,9559.52999,10391.502224,690.349997,141539.1006,11725.47,39605.73,3725.2,6768.06,88125.0,9235.14,82204.970571,15071.0,3,0.3546048870425356,0.9350162426854148,0,4.8,72.0
2024-01-22,1424652,15862,2806183,177502.0,265969,1037.449994,730.995579,10824.88999,11868.744099,720.209999,175258.7834,14572.8,56584.199999,831.25,4930.22,102617.0,20609.43,92303.68345,88125.0,4,0.4647231720437685,0.8854560256532099,0,4.8,72.0
2024-01-29,1496250,14411,2766404,191430.0,308095,1150.389998,844.0,11257.869995,12076.725749,703.949999,164262.4068,15984.64,55901.1,2026.2,7570.09,99299.0,9799.46,88965.556773,102617.0,5,0.5680647467311558,0.8229838658936564,0,4.8,72.0
2024-02-05,1511632,32779,3469126,192328.0,393131,1096.779997,1089.020581,11916.839997,15777.995443,711.45,220058.7615,19602.45,59273.04,1507.7,3931.3,102862.0,11681.93,143664.791501,99299.0,6,0.6631226582407952,0.7485107481711011,0,7.5,91.8
2024-02-12,1503270,22668,3663711,171591.0,359287,1011.339998,1063.308987,11943.199995,16552.101668,732.649999,189267.9982,16868.65,45219.57,1945.8,5408.68,109356.0,11384.07,125309.878209,102862.0,7,0.7485107481711011,0.6631226582407953,0,7.5,91.8
2024-02-19,1468290,21856,3590946,147152.0,360128,993.369997,1062.804502,12538.599999,17539.716213,743.29,186666.7467,18009.41,31189.109999,2917.8,13894.24,122040.0,17871.81,120793.786687,109356.0,8,0.8229838658936564,0.5680647467311559,0,7.5,91.8
2024-02-26,1497353,20169,3456457,125447.0,343196,1151.009997,1071.0,12311.269998,19177.228255,727.43,171289.4064,17348.71,38220.22,2820.15,10882.19,128808.0,14911.48,104455.366376,122040.0,9,0.8854560256532099,0.4647231720437686,0,7.5,91.8
2024-03-04,1545919,36967,3576146,120535.0,377536,1980.309996,1211.982674,12215.129993,20295.101268,698.27,219704.0969,17405.55,65025.62,498.95,20448.5,132550.0,5437.319999,128293.706896,128808.0,10,0.9350162426854148,0.3546048870425355,0,7.75,94.4
2024-03-11,1563713,48100,3413833,129206.0,400460,2175.379989,1364.0,12568.039996,20326.26188,713.21,234839.3252,15321.85,52223.959999,935.8,12581.54,142584.0,32339.419999,136758.605217,132550.0,11,0.970941817426052,0.239315664287558,0,7.75,94.4
2024-03-18,1525614,26502,3554563,96580.0,420842,1868.169993,1351.015892,12644.899993,21959.753465,630.399999,201742.2868,17291.01,55119.22,818.0,4561.3,172252.0,21644.27,119599.49683,142584.0,12,0.992708874098054,0.120536680255323,0,7.75,94.4
2024-03-25,1649279,24655,3859146,109593.0,410300,1678.339996,1351.0,14539.699993,22984.88388,593.09,270904.4362,17575.56,64467.889999,4959.63,4918.81,166092.0,20642.01,175916.09618,172252.0,13,1.0,-1.6081226496766366e-16,1,7.75,94.4
2024-04-01,2331672,24178,4405708,112251.0,436597,1689.579997,1323.377482,16499.819995,26807.199729,593.95,242245.9585,20762.97,75013.419999,1897.42,3922.71,183478.0,14935.97,146476.438453,166092.0,14,0.992708874098054,-0.1205366802553228,0,9.4,86.2
2024-04-08,2181892,29289,4606005,96030.0,298356,1927.549996,1285.922024,17205.329996,29569.386095,595.94,234180.5429,15311.6,46066.509999,4286.96,4832.26,171419.0,27785.11,151209.702894,183478.0,15,0.970941817426052,-0.2393156642875575,0,9.4,86.2
2024-04-15,2381628,29319,5106705,106071.0,330773,2453.269996,1253.0,17677.299994,33217.94077,593.86,315525.6841,16245.15,90096.179999,3835.2,7935.14,207832.0,7604.48,206054.684088,171419.0,16,0.9350162426854148,-0.3546048870425354,0,9.4,86.2
2024-04-22,2592754,30598,4518160,107468.0,309560,2315.239997,1235.640434,19902.739997,29410.285195,589.74,280369.313,15187.08,68077.26,1628.22,6919.78,193487.0,15466.23,188277.82304,207832.0,17,0.8854560256532099,-0.4647231720437685,0,9.4,86.2
2024-04-29,2467200,25020,4699429,94373.0,432451,2098.889998,1252.885797,20425.389998,30140.311213,595.93,238781.8594,16294.85,60920.459997,921.78,6507.07,167877.0,18683.79,151748.759357,193487.0,18,0.8229838658936565,-0.5680647467311557,0,9.4,86.2
2024-05-06,2566705,25281,4985209,99389.0,411230,1909.489996,1252.522765,20341.489994,31321.719719,592.989999,316955.4518,18040.24,95593.6,2087.2,6388.26,199708.0,23746.34,189140.05179,167877.0,19,0.7485107481711013,-0.663122658240795,1,14.5,58.4
2024-05-13,2477069,17163,4452292,96627.0,346528,1513.029996,1252.557053,20133.559996,25931.05117,593.57,268497.4683,14825.88,64632.54,1174.65,3328.08,181598.0,30525.66,168836.53825,199708.0,20,0.6631226582407952,-0.7485107481711012,0,14.5,58.4
2024-05-20,2311103,16673,4014478,124144.0,326829,1518.259997,1248.736585,20476.959996,24713.778362,598.97,292030.8568,15241.96,77458.63,3864.64,16789.71,168168.0,21572.79,172345.08681,181598.0,21,0.5680647467311558,-0.8229838658936564,0,14.5,58.4
2024-05-27,2617026,18114,4108056,91367.0,349407,1457.429992,1251.711361,20463.51,23639.267851,583.28,281483.8975,13879.48,86699.949999,817.8,3430.75,157939.0,11596.01,178939.387517,168168.0,22,0.464723172043769,-0.8854560256532096,1,14.5,58.4
2024-06-03,2532636,12439,4059653,95295.0,316215,1458.709998,1253.0,20483.429998,24311.237104,592.759999,225713.4354,13165.86,46741.69,2752.95,6658.23,157261.0,13267.949999,156292.615411,157939.0,23,0.3546048870425358,-0.9350162426854148,0,14.9,28.4
2024-06-10,2618089,11260,4472709,77271.0,331707,1377.279997,1253.0,20441.909999,28009.58371,597.069998,228916.7469,11777.2,65605.03,5034.3,7549.88,144880.0,11982.23,138745.306857,157261.0,24,0.2393156642875576,-0.970941817426052,0,14.9,28.4
2024-06-17,2555137,11749,4681573,98893.0,337683,1347.899999,1253.0,20415.629998,32579.212735,594.999999,242915.6579,11068.21,62191.309999,2820.5,8890.35,151323.0,11664.45,157349.047856,144880.0,25,0.120536680255323,-0.992708874098054,0,14.9,28.4
2024-06-24,2462071,13298,4628562,107353.0,350481,1317.709997,1253.0,20918.269997,30266.640626,594.649998,252200.6009,12416.57,68934.239999,1796.7,10642.35,162018.0,12452.21,158375.100934,151323.0,26,-3.216245299353273e-16,-1.0,0,14.9,28.4
2024-07-01,2610966,11070,5065050,121387.0,400961,1307.689998,1249.056601,20864.609997,32962.064348,589.91,218650.1014,13382.76,61667.159999,5688.85,5801.05,154569.0,16053.66,129439.38136,162018.0,27,-0.1205366802553228,-0.992708874098054,0,16.75,86.4
2024-07-08,2640523,10162,4384175,143982.0,381865,1166.189998,1237.007974,20564.919998,29979.700356,599.51,235972.9397,12177.98,60585.12,7677.05,11422.55,146878.0,27265.57,129022.649698,154569.0,28,-0.2393156642875574,-0.970941817426052,0,16.75,86.4
2024-07-15,2700519,8270,4827677,131193.0,339281,1018.289998,1144.261766,20270.359997,32164.919065,595.44,239699.9055,12912.91,65359.239999,5707.35,8910.2,156777.0,12974.649999,146748.465481,146878.0,29,-0.3546048870425356,-0.9350162426854148,0,16.75,86.4
2024-07-22,2539954,7924,5178976,83685.0,346450,1009.989998,1111.655847,20962.379997,34384.220953,595.01,245437.999,13663.58,65190.789997,4943.33,3247.7,159501.0,11058.25,160997.92904,156777.0,30,-0.464723172043768,-0.8854560256532101,0,16.75,86.4
2024-07-29,2527073,6930,5173136,121944.0,355832,905.289996,1112.73196,21344.679993,35799.660306,594.769999,326089.9854,14098.31,100110.589998,6017.55,6217.13,156479.0,14635.6,199109.115435,159501.0,31,-0.5680647467311556,-0.8229838658936566,0,16.75,86.4
2024-08-05,2850917,8105,4642874,127982.0,359783,964.119999,1111.211104,21976.649995,36072.242274,594.899999,238082.0524,15408.49,66330.039999,1654.6,12189.24,166027.0,17913.17,139995.002412,156479.0,32,-0.663122658240795,-0.7485107481711013,0,17.0,19.0
2024-08-12,2772695,7919,4793221,136034.0,339381,818.309997,1110.697602,22048.069994,37846.782076,594.909999,228503.5726,15102.28,59927.06,6620.65,14437.19,163283.0,6635.12,140883.552618,166027.0,33,-0.7485107481711011,-0.6631226582407952,0,17.0,19.0
2024-08-19,2789939,14735,4409378,110635.0,334125,1091.549994,1105.442929,21979.449993,35315.31031,595.03,279974.3856,15677.2,76718.319999,10723.18,9912.9,158530.0,37687.729999,144932.255602,163283.0,34,-0.8229838658936564,-0.5680647467311559,0,17.0,19.0
2024-08-26,2772491,16176,4149471,117864.0,333731,1098.849998,1109.857823,22550.809996,36948.340014,596.639999,343277.8091,15385.87,110239.54,3698.56,13681.08,144536.0,23020.65,192637.979111,158530.0,35,-0.8854560256532096,-0.4647231720437691,0,17.0,19.0
2024-09-02,3033549,13246,4195314,138467.0,341050,1163.849996,1111.231839,22659.829997,37981.268362,593.17,251587.0377,13351.31,70920.69,8021.49,4745.65,161079.0,20164.08,147735.127699,144536.0,36,-0.9350162426854148,-0.3546048870425359,0,13.55,143.2
2024-09-09,2767480,17016,4136525,118427.0,314023,1061.199995,1110.544732,23194.159995,36106.494485,603.75,239781.9711,13796.71,50708.009999,2376.67,10530.36,181400.0,38803.88,137363.051065,161079.0,37,-0.970941817426052,-0.2393156642875577,0,13.55,143.2
2024-09-16,2731028,15479,4582252,114750.0,331427,1292.419998,1092.498067,23317.549994,40193.884023,586.259998,262028.0704,15244.93,117141.709998,5734.04,14106.83,190700.0,16119.149999,108926.340392,181400.0,38,-0.992708874098054,-0.1205366802553235,0,13.55,143.2
2024-09-23,2630343,25176,4637508,110664.0,309050,1672.939997,1109.942269,24351.479998,38896.286946,602.399999,184156.1497,14585.09,117302.959996,3677.649999,8370.55,192049.0,15188.08,39616.909753,190700.0,39,-1.0,-1.8369701987210294e-16,0,13.55,143.2
2024-09-30,2638607,28281,5574398,121198.0,307131,1522.879998,1112.030526,24607.269995,40161.509607,581.21,333192.0246,15646.51,100594.489999,20382.67,16657.27,192805.0,27214.879999,168342.714593,192049.0,40,-0.992708874098054,0.1205366802553232,0,13.55,143.2
2024-10-07,2257057,33243,5505083,114125.0,297795,1681.559998,1099.67689,23007.84999,39384.67275,597.929999,307816.1696,16165.53,97951.92,5866.18,5199.3,210399.0,10975.549999,187823.219591,192805.0,41,-0.970941817426052,0.2393156642875573,0,11.15,75.8
2024-10-14,2378119,31943,5098425,134110.0,296607,1728.779998,1090.602842,22121.879994,40264.238063,596.579999,323692.1945,15965.95,118338.069998,9056.23,14710.37,197111.0,19305.5,162282.024507,210399.0,42,-0.9350162426854148,0.3546048870425355,0,11.15,75.8
2024-10-21,2209700,29077,4517555,117198.0,257567,1583.509999,1091.555192,20660.489989,40131.92588,595.13,375699.5189,16208.45,105920.719999,4384.38,16037.0,197714.0,22112.57,227244.848943,197111.0,43,-0.8854560256532101,0.464723172043768,0,11.15,75.8
2024-10-28,2261515,34974,5179486,104792.0,267494,1629.319999,1092.0,21863.459992,40118.227689,594.849998,371307.8942,15121.83,135042.59,2721.28,13718.35,180400.0,18329.659999,201496.014207,197714.0,44,-0.822983865893657,0.5680647467311548,0,11.15,75.8
2024-11-04,2246165,30357,4321754,111668.0,202198,1527.939999,1092.045409,22164.439989,40591.028859,594.07,340645.3316,13976.77,109866.12,3723.859999,9556.15,192290.0,14432.49,203066.71164,180400.0,45,-0.7485107481711011,0.6631226582407952,0,7.05,62.8
2024-11-11,2140698,40403,3645390,99667.0,161826,1736.419997,1057.074503,22268.699995,41643.136814,577.33,389449.5679,11087.11,113412.389998,2047.1,12879.25,172792.0,29654.16,231456.667878,192290.0,46,-0.6631226582407955,0.7485107481711007,0,7.05,62.8
2024-11-18,2013294,38309,3581112,97374.0,142864,1637.159997,1041.542122,22168.629997,41519.176481,564.239998,378821.3507,9167.25,118870.509998,5613.31,34829.71,162261.0,19674.27,199833.55067,172792.0,47,-0.5680647467311559,0.8229838658936564,0,7.05,62.8
2024-11-25,1820099,91637,3268585,95397.0,119031,1913.109997,1057.043594,23655.069995,41471.219546,570.849999,444492.5741,8303.12,147751.099998,6703.0,17649.35,148874.0,43815.59,228573.534075,162261.0,48,-0.4647231720437684,0.88545602565321,0,7.05,62.8
2024-12-02,2574052,60420,3934378,111545.0,138908,2145.579996,1057.0,24829.679997,44364.752595,579.829999,326803.4058,6842.84,123538.019999,4322.45,5589.8,146869.0,11029.73,182323.405771,148874.0,49,-0.3546048870425359,0.9350162426854148,0,6.95,118.0
2024-12-09,2560907,72232,3830343,60621.0,134897,3074.299998,1056.804007,23372.629997,37558.29861,371.129999,280422.824,6433.97,110615.269998,2384.4,9907.3,146448.0,9427.7,148088.153968,146869.0,50,-0.2393156642875578,0.970941817426052,0,6.95,118.0
2024-12-16,1989617,45274,2773995,48180.0,128743,4658.139998,1057.0,15947.769997,23318.595851,272.709999,136153.5,5216.97,34113.84,1653.65,6793.95,146740.0,8880.86,84711.200039,146448.0,51,-0.1205366802553236,0.992708874098054,0,6.95,118.0
2024-12-23,2393693,30036,2717156,52382.0,143778,3622.229994,1057.0,14680.079994,20204.452641,272.94,115912.8076,6369.22,35970.0,562.85,1420.45,137660.0,7419.0,70540.507566,146740.0,52,6.432490598706546e-16,1.0,1,6.95,118.0
2024-12-30,2423885,598311,3256131,73539.0,215856,4337.719995,1056.411336,14578.459995,24626.750112,273.34,206465.9238,9803.01,71663.549999,1555.6,5524.4,171742.0,14201.51,113520.863793,137660.0,1,0.120536680255323,0.992708874098054,1,6.95,118.0
2025-01-06,2266995,113497,3184408,67723.0,221142,4090.949997,1057.0,14528.499993,25295.589118,275.69,231850.4163,9140.25,69810.049999,1213.8,9552.43,179158.0,11670.07,139604.06629,171742.0,2,0.2393156642875577,0.970941817426052,0,6.95,118.0
2025-01-13,2516809,88802,3102990,54912.0,229386,4326.949999,1057.0,17395.239997,25759.279366,270.07,307895.9562,11314.79,113546.51,11.85,5694.56,182201.0,29879.08,158763.956162,179158.0,3,0.3546048870425356,0.9350162426854148,0,6.95,118.0
2025-01-20,2358838,118189,3591777,46446.0,251185,4819.439997,1056.246018,17144.619995,28015.620726,276.45,429822.2185,11550.83,174916.829999,1247.049999,21857.4,209233.0,11471.03,220329.908535,182201.0,4,0.4647231720437685,0.8854560256532099,0,6.95,118.0
2025-01-27,1747159,100897,2505376,37187.0,227411,3867.919994,780.448482,14625.179998,19552.031813,268.81,289156.0341,10323.29,108696.299998,1357.8,10465.55,211986.0,13118.55,155517.834144,209233.0,5,0.5680647467311558,0.8229838658936564,0,6.95,118.0
2025-02-03,1671832,71741,2717529,51271.0,226221,2895.459997,755.623881,14203.609994,23296.745237,273.03,338967.4198,10822.3,117143.009999,525.4,6373.7,223530.0,18011.949999,196913.359828,211986.0,6,0.6631226582407952,0.7485107481711011,0,6.95,118.0
2025-02-10,1526504,185691,3112382,51985.0,210111,3234.979993,755.994868,11520.119995,24352.972559,272.95,258915.1302,9362.19,76760.749999,1521.6,6840.2,224676.0,18686.15,155106.430173,223530.0,7,0.7485107481711011,0.6631226582407953,0,6.95,118.0
2025-02-17,1706206,157964,2915001,53826.0,217448,3408.289994,755.52585,11313.069998,22628.835215,272.96,277979.7724,10523.09,84006.879999,1266.82,6456.71,251995.0,18272.76,167976.602425,224676.0,8,0.8229838658936564,0.5680647467311559,0,6.95,118.0
2025-02-24,1815288,110852,3481609,66742.0,201836,3249.459997,755.961672,11364.889995,30435.652056,274.52,329035.161,9921.29,125776.1,2508.17,15225.11,244816.0,23531.53,161994.250952,251995.0,9,0.8854560256532099,0.4647231720437686,0,6.95,118.0
2025-03-03,1716930,156421,4097926,63205.0,219594,3421.929993,755.345957,10156.099994,31594.812116,271.5,409456.3308,10615.55,159945.369999,462.2,5796.46,259267.0,24109.38,219142.920823,244816.0,10,0.9350162426854148,0.3546048870425355,0,6.95,118.0
2025-03-10,3371736,124015,4700518,53375.0,203777,3566.789994,755.504888,15546.069995,36268.484346,276.35,400494.5773,10219.67,162550.86,4934.6,5703.14,256230.0,28595.89,198710.08726,259267.0,11,0.970941817426052,0.239315664287558,0,6.95,118.0
2025-03-17,3616845,91718,5079202,54125.0,200441,3697.509999,755.479825,16057.829996,37031.537657,269.61,411173.7976,10715.66,127496.309998,858.36,8419.72,281629.0,33114.24,241285.167597,256230.0,12,0.992708874098054,0.120536680255323,0,6.95,118.0
2025-03-24,3561656,142038,5153396,46862.0,179820,3176.89999,754.118228,16322.259995,35472.685151,273.05,422040.5138,9623.63,160664.259998,12609.97,6669.59,269330.0,26459.88,215636.813794,281629.0,13,1.0,-1.6081226496766366e-16,0,6.95,118.0
2025-03-31,4175204,70196,6226647,51796.0,184265,3728.529997,751.954372,18169.039993,36629.415237,272.93,436120.7418,9103.48,165191.43,8561.03,17142.84,294471.0,19470.0,225755.441758,269330.0,14,0.992708874098054,-0.1205366802553228,0,6.95,118.0
2025-04-07,3569404,91866,5972634,57979.0,174539,4059.659997,746.565507,16151.199993,37868.179241,273.02,399795.8596,9276.51,114780.609999,137.7,11706.17,290504.0,18045.01,255126.369613,294471.0,15,0.970941817426052,-0.2393156642875575,0,6.95,118.0
2025-04-14,3507268,141073,5060730,76228.0,232733,4809.399992,806.020989,15478.789993,36809.718943,272.89,371545.5098,10245.85,119903.899999,1652.0,10612.77,263836.0,12586.969999,226789.869796,290504.0,16,0.9350162426854148,-0.3546048870425354,1,6.95,118.0
2025-04-21,14038187,142701,5213399,72349.0,378510,4828.659993,891.198221,156661.279995,37153.248489,272.99,385647.9095,12933.58,139174.189999,12.25,4674.84,293369.0,21645.21,220141.419541,263836.0,17,0.8854560256532099,-0.4647231720437685,0,6.95,118.0
2025-04-28,964271,70705,2046069,27793.0,145125,2176.579997,385.29695,3526.359999,14295.231327,117.45,174361.8943,4774.7,51116.56,0.0,572.95,121626.0,21602.45,101069.934346,293369.0,18,0.8229838658936565,-0.5680647467311557,0,6.95,118.0
