,Date,avg_temp,rain_mm
0,1883-01-01,4.0,122.1
1,1883-02-01,5.4,69.8
2,1883-03-01,1.5999999999999999,29.6
3,1883-04-01,8.0,74.0
4,1883-05-01,10.45,31.2
5,1883-06-01,13.5,66.2
6,1883-07-01,14.65,77.6
7,1883-08-01,15.350000000000001,32.5
8,1883-09-01,13.4,137.4
9,1883-10-01,9.55,102.9
10,1883-11-01,6.05,83.6
11,1883-12-01,4.85,48.6
12,1884-01-01,5.95,127.7
13,1884-02-01,5.05,49.4
14,1884-03-01,6.0,50.4
15,1884-04-01,6.949999999999999,48.0
16,1884-05-01,11.05,33.1
17,1884-06-01,13.45,39.7
18,1884-07-01,16.3,80.1
19,1884-08-01,17.200000000000003,36.8
20,1884-09-01,14.45,34.0
21,1884-10-01,9.3,36.5
22,1884-11-01,6.2,30.9
23,1884-12-01,4.1499999999999995,81.6
24,1885-01-01,2.5500000000000003,56.9
25,1885-02-01,5.45,76.4
26,1885-03-01,4.3,41.6
27,1885-04-01,7.5,49.5
28,1885-05-01,8.65,58.1
29,1885-06-01,13.9,76.4
30,1885-07-01,16.2,17.8
31,1885-08-01,13.25,59.5
32,1885-09-01,12.1,85.3
33,1885-10-01,7.5,172.5
34,1885-11-01,5.65,62.2
35,1885-12-01,3.95,31.9
36,1886-01-01,1.9,121.8
37,1886-02-01,1.45,14.2
38,1886-03-01,3.15,84.8
39,1886-04-01,6.85,47.5
40,1886-05-01,9.8,181.0
41,1886-06-01,12.9,26.5
42,1886-07-01,16.15,94.2
43,1886-08-01,16.25,49.7
44,1886-09-01,13.75,30.8
45,1886-10-01,10.95,125.1
46,1886-11-01,6.75,37.0
47,1886-12-01,2.2,127.7
48,1887-01-01,2.25,61.2
49,1887-02-01,4.05,13.6
50,1887-03-01,3.5999999999999996,42.5
51,1887-04-01,8.05,26.3
52,1887-05-01,8.8,46.6
53,1887-06-01,15.6,11.2
54,1887-07-01,18.15,25.2
55,1887-08-01,15.649999999999999,40.7
56,1887-09-01,11.65,57.2
57,1887-10-01,7.5,58.8
58,1887-11-01,5.1,41.0
59,1887-12-01,3.3000000000000003,66.8
60,1888-01-01,3.7,22.1
61,1888-02-01,2.0,49.5
62,1888-03-01,2.6,98.1
63,1888-04-01,5.800000000000001,52.6
64,1888-05-01,10.95,16.3
65,1888-06-01,12.649999999999999,61.8
66,1888-07-01,12.899999999999999,129.3
67,1888-08-01,14.1,61.1
68,1888-09-01,12.4,22.9
69,1888-10-01,8.15,17.4
70,1888-11-01,7.3,160.2
71,1888-12-01,5.2,52.2
72,1889-01-01,3.5,39.0
73,1889-02-01,3.3,50.8
74,1889-03-01,4.45,107.6
75,1889-04-01,6.75,92.0
76,1889-05-01,12.399999999999999,97.7
77,1889-06-01,15.25,6.1
78,1889-07-01,14.75,62.8
79,1889-08-01,15.0,69.6
80,1889-09-01,12.8,46.8
81,1889-10-01,8.35,100.1
82,1889-11-01,6.9,18.2
83,1889-12-01,3.9000000000000004,39.4
84,1890-01-01,5.449999999999999,103.7
85,1890-02-01,3.4000000000000004,21.4
86,1890-03-01,6.3,62.9
87,1890-04-01,6.4,20.8
88,1890-05-01,11.5,79.9
89,1890-06-01,13.6,48.4
90,1890-07-01,14.25,57.4
91,1890-08-01,14.4,78.2
92,1890-09-01,15.2,37.5
93,1890-10-01,10.25,37.1
94,1890-11-01,5.9,122.4
95,1890-12-01,-0.19999999999999996,16.8
96,1891-01-01,1.8000000000000003,59.5
97,1891-02-01,5.1000000000000005,1.8
98,1891-03-01,4.05,53.6
99,1891-04-01,5.2,53.0
100,1891-05-01,9.2,86.8
101,1891-06-01,13.85,89.2
102,1891-07-01,14.95,57.6
103,1891-08-01,14.2,83.5
104,1891-09-01,14.350000000000001,58.5
105,1891-10-01,9.45,102.6
106,1891-11-01,5.6,71.3
107,1891-12-01,4.05,161.4
108,1892-01-01,2.1999999999999997,63.1
109,1892-02-01,2.9000000000000004,89.8
110,1892-03-01,2.5,33.7
111,1892-04-01,7.2,24.0
112,1892-05-01,11.0,102.4
113,1892-06-01,12.950000000000001,104.0
114,1892-07-01,13.3,80.2
115,1892-08-01,15.100000000000001,69.1
116,1892-09-01,12.25,88.6
117,1892-10-01,7.2,143.7
118,1892-11-01,6.45,44.2
119,1892-12-01,2.25,22.8
120,1893-01-01,2.5,47.2
121,1893-02-01,4.3,112.0
122,1893-03-01,8.0,19.8
123,1893-04-01,9.45,19.5
124,1893-05-01,12.149999999999999,73.7
125,1893-06-01,14.65,34.0
126,1893-07-01,15.7,77.3
127,1893-08-01,17.299999999999997,40.7
128,1893-09-01,12.75,31.2
129,1893-10-01,10.15,45.9
130,1893-11-01,5.05,49.1
131,1893-12-01,4.8,104.5
132,1894-01-01,3.0999999999999996,77.1
133,1894-02-01,4.95,132.1
134,1894-03-01,6.3500000000000005,48.4
135,1894-04-01,9.1,70.0
136,1894-05-01,8.5,49.1
137,1894-06-01,13.399999999999999,60.6
138,1894-07-01,15.75,83.0
139,1894-08-01,13.95,54.5
140,1894-09-01,11.45,26.1
141,1894-10-01,8.85,128.2
142,1894-11-01,8.1,37.6
143,1894-12-01,5.3,64.8
144,1895-01-01,-0.25,115.5
145,1895-02-01,-1.3,5.8
146,1895-03-01,5.35,56.6
147,1895-04-01,8.2,49.6
148,1895-05-01,11.95,28.8
149,1895-06-01,14.399999999999999,57.1
150,1895-07-01,15.2,112.4
151,1895-08-01,16.0,55.5
152,1895-09-01,15.85,19.9
153,1895-10-01,7.3500000000000005,87.3
154,1895-11-01,7.35,114.5
155,1895-12-01,3.65,95.1
156,1896-01-01,5.2,29.7
157,1896-02-01,4.75,28.8
158,1896-03-01,6.45,89.5
159,1896-04-01,8.95,46.0
160,1896-05-01,11.5,10.4
161,1896-06-01,15.799999999999999,79.1
162,1896-07-01,16.15,23.6
163,1896-08-01,13.95,43.6
164,1896-09-01,12.7,126.8
165,1896-10-01,6.9,76.9
166,1896-11-01,4.95,28.8
167,1896-12-01,4.05,98.6
168,1897-01-01,1.2000000000000002,65.8
169,1897-02-01,5.3,96.5
170,1897-03-01,6.4,92.7
171,1897-04-01,6.45,51.4
172,1897-05-01,9.7,26.3
173,1897-06-01,14.65,90.9
174,1897-07-01,15.8,14.0
175,1897-08-01,16.1,55.7
176,1897-09-01,12.05,60.1
177,1897-10-01,9.75,26.1
178,1897-11-01,7.550000000000001,82.5
179,1897-12-01,5.1,81.8
180,1898-01-01,6.9,28.4
181,1898-02-01,4.65,58.5
182,1898-03-01,4.2,40.8
183,1898-04-01,8.05,82.9
184,1898-05-01,9.45,66.9
185,1898-06-01,13.4,32.3
186,1898-07-01,15.149999999999999,41.7
187,1898-08-01,16.2,86.2
188,1898-09-01,15.3,13.8
189,1898-10-01,11.399999999999999,84.0
190,1898-11-01,7.199999999999999,71.9
191,1898-12-01,7.05,81.7
192,1899-01-01,4.75,112.3
193,1899-02-01,4.95,51.2
194,1899-03-01,5.45,31.9
195,1899-04-01,7.7,60.1
196,1899-05-01,9.25,63.7
197,1899-06-01,15.15,63.8
198,1899-07-01,17.1,51.4
199,1899-08-01,17.2,23.0
200,1899-09-01,13.100000000000001,97.7
201,1899-10-01,9.7,73.3
202,1899-11-01,8.7,50.7
203,1899-12-01,2.2,73.0
204,1900-01-01,4.15,101.0
205,1900-02-01,2.4,113.0
206,1900-03-01,3.35,20.4
207,1900-04-01,8.299999999999999,36.0
208,1900-05-01,9.8,43.7
209,1900-06-01,14.7,78.2
210,1900-07-01,17.9,71.5
211,1900-08-01,15.0,109.5
212,1900-09-01,13.649999999999999,12.9
213,1900-10-01,9.75,66.6
214,1900-11-01,7.1,67.7
215,1900-12-01,7.1,116.7
216,1901-01-01,3.1,64.6
217,1901-02-01,2.5500000000000003,29.2
218,1901-03-01,4.0,60.4
219,1901-04-01,8.5,43.8
220,1901-05-01,11.1,23.9
221,1901-06-01,13.75,27.5
222,1901-07-01,18.05,82.1
223,1901-08-01,16.25,30.7
224,1901-09-01,13.65,22.0
225,1901-10-01,9.3,50.2
226,1901-11-01,5.55,112.0
227,1901-12-01,3.35,164.2
228,1902-01-01,4.9,37.6
229,1902-02-01,1.4500000000000002,44.5
230,1902-03-01,7.05,38.4
231,1902-04-01,7.1499999999999995,74.4
232,1902-05-01,8.5,75.0
233,1902-06-01,13.55,43.4
234,1902-07-01,14.399999999999999,51.4
235,1902-08-01,13.55,120.4
236,1902-09-01,12.85,50.9
237,1902-10-01,9.5,81.4
238,1902-11-01,6.85,63.6
239,1902-12-01,4.85,68.2
240,1903-01-01,4.05,90.3
241,1903-02-01,6.85,66.4
242,1903-03-01,6.9,97.2
243,1903-04-01,6.35,48.4
244,1903-05-01,10.25,97.4
245,1903-06-01,12.85,30.1
246,1903-07-01,15.35,58.9
247,1903-08-01,14.15,107.8
248,1903-09-01,12.850000000000001,100.5
249,1903-10-01,10.05,182.6
250,1903-11-01,6.7,42.8
251,1903-12-01,3.2,44.7
252,1904-01-01,4.1499999999999995,80.6
253,1904-02-01,2.85,131.7
254,1904-03-01,4.3,52.1
255,1904-04-01,8.65,60.4
256,1904-05-01,10.65,63.1
257,1904-06-01,13.2,17.3
258,1904-07-01,16.8,50.5
259,1904-08-01,15.149999999999999,96.1
260,1904-09-01,12.799999999999999,28.1
261,1904-10-01,10.1,17.3
262,1904-11-01,6.199999999999999,57.2
263,1904-12-01,4.05,46.8
264,1905-01-01,4.05,35.9
265,1905-02-01,5.0,32.4
266,1905-03-01,6.95,72.0
267,1905-04-01,6.949999999999999,59.5
268,1905-05-01,10.7,10.5
269,1905-06-01,14.5,77.5
270,1905-07-01,17.55,40.6
271,1905-08-01,14.75,103.0
272,1905-09-01,12.5,28.9
273,1905-10-01,7.45,44.7
274,1905-11-01,5.2,99.1
275,1905-12-01,5.25,14.9
276,1906-01-01,5.05,97.8
277,1906-02-01,3.0,76.4
278,1906-03-01,5.05,59.5
279,1906-04-01,7.1,16.0
280,1906-05-01,10.4,48.9
281,1906-06-01,14.25,44.9
282,1906-07-01,16.0,36.9
283,1906-08-01,17.05,44.1
284,1906-09-01,14.35,17.9
285,1906-10-01,10.8,141.4
286,1906-11-01,7.6,86.4
287,1906-12-01,3.35,77.4
288,1907-01-01,3.85,35.2
289,1907-02-01,3.2,57.6
290,1907-03-01,6.949999999999999,65.5
291,1907-04-01,7.4,56.7
292,1907-05-01,10.1,97.3
293,1907-06-01,12.45,92.2
294,1907-07-01,13.55,53.2
295,1907-08-01,14.399999999999999,55.9
296,1907-09-01,13.8,11.6
297,1907-10-01,9.85,136.8
298,1907-11-01,7.0,84.4
299,1907-12-01,4.4,57.0
300,1908-01-01,3.15,46.3
301,1908-02-01,5.35,58.7
302,1908-03-01,3.95,80.2
303,1908-04-01,5.65,60.2
304,1908-05-01,12.55,59.4
305,1908-06-01,13.8,39.6
306,1908-07-01,15.55,64.8
307,1908-08-01,14.350000000000001,78.4
308,1908-09-01,13.05,39.4
309,1908-10-01,12.15,28.9
310,1908-11-01,7.3999999999999995,38.1
311,1908-12-01,3.8,51.6
312,1909-01-01,3.7,51.8
313,1909-02-01,3.2,16.7
314,1909-03-01,3.5500000000000003,108.0
315,1909-04-01,9.0,43.2
316,1909-05-01,10.7,50.4
317,1909-06-01,11.649999999999999,79.4
318,1909-07-01,14.65,84.4
319,1909-08-01,15.9,55.1
320,1909-09-01,11.85,57.3
321,1909-10-01,10.3,72.6
322,1909-11-01,5.65,17.7
323,1909-12-01,3.8499999999999996,167.5
324,1910-01-01,3.5,75.0
325,1910-02-01,4.8,89.5
326,1910-03-01,6.45,22.7
327,1910-04-01,7.0,61.4
328,1910-05-01,10.850000000000001,60.8
329,1910-06-01,14.600000000000001,66.1
330,1910-07-01,14.0,45.9
331,1910-08-01,15.149999999999999,87.9
332,1910-09-01,12.55,7.6
333,1910-10-01,10.75,58.8
334,1910-11-01,3.4000000000000004,102.2
335,1910-12-01,6.1,109.5
336,1911-01-01,3.95,31.8
337,1911-02-01,5.05,74.3
338,1911-03-01,4.6,30.9
339,1911-04-01,7.3999999999999995,35.3
340,1911-05-01,12.9,25.1
341,1911-06-01,14.2,53.5
342,1911-07-01,17.9,3.8
343,1911-08-01,18.2,43.8
344,1911-09-01,14.0,54.1
345,1911-10-01,9.15,55.7
346,1911-11-01,6.1,101.3
347,1911-12-01,5.949999999999999,137.2
348,1912-01-01,3.3000000000000003,128.3
349,1912-02-01,4.9,40.7
350,1912-03-01,6.949999999999999,87.4
351,1912-04-01,8.6,12.9
352,1912-05-01,11.55,93.0
353,1912-06-01,13.75,98.5
354,1912-07-01,15.350000000000001,131.0
355,1912-08-01,12.8,144.5
356,1912-09-01,11.15,30.0
357,1912-10-01,8.85,72.3
358,1912-11-01,6.65,58.0
359,1912-12-01,6.7,100.5
360,1913-01-01,3.75,95.5
361,1913-02-01,5.25,30.4
362,1913-03-01,5.7,110.8
363,1913-04-01,7.65,77.7
364,1913-05-01,11.4,55.3
365,1913-06-01,14.0,20.8
366,1913-07-01,14.25,39.7
367,1913-08-01,15.100000000000001,31.2
368,1913-09-01,13.95,76.1
369,1913-10-01,10.899999999999999,105.2
370,1913-11-01,8.4,82.0
371,1913-12-01,5.35,49.3
372,1914-01-01,4.05,41.0
373,1914-02-01,6.85,50.2
374,1914-03-01,6.1,66.3
375,1914-04-01,10.0,33.7
376,1914-05-01,10.6,37.6
377,1914-06-01,14.55,55.5
378,1914-07-01,16.25,63.5
379,1914-08-01,16.35,32.5
380,1914-09-01,13.350000000000001,40.7
381,1914-10-01,10.5,57.5
382,1914-11-01,6.8,101.4
383,1914-12-01,4.5,154.6
384,1915-01-01,4.15,90.9
385,1915-02-01,3.9499999999999997,106.4
386,1915-03-01,5.35,27.0
387,1915-04-01,7.75,31.2
388,1915-05-01,10.4,37.7
389,1915-06-01,14.25,39.6
390,1915-07-01,14.75,108.2
391,1915-08-01,15.45,56.5
392,1915-09-01,13.5,16.7
393,1915-10-01,9.15,41.4
394,1915-11-01,3.8,81.4
395,1915-12-01,5.0,198.0
396,1916-01-01,7.7,44.5
397,1916-02-01,3.45,136.3
398,1916-03-01,2.7,126.3
399,1916-04-01,8.4,35.4
400,1916-05-01,11.45,67.3
401,1916-06-01,11.55,56.0
402,1916-07-01,15.25,30.6
403,1916-08-01,16.7,37.0
404,1916-09-01,12.8,38.2
405,1916-10-01,10.55,90.7
406,1916-11-01,7.0,100.1
407,1916-12-01,2.7,78.3
408,1917-01-01,1.7,54.2
409,1917-02-01,1.6,16.2
410,1917-03-01,2.9000000000000004,64.0
411,1917-04-01,5.05,45.9
412,1917-05-01,12.45,43.0
413,1917-06-01,14.85,65.1
414,1917-07-01,16.049999999999997,26.2
415,1917-08-01,15.6,128.6
416,1917-09-01,14.450000000000001,21.6
417,1917-10-01,7.8,101.9
418,1917-11-01,8.55,54.6
419,1917-12-01,2.95,38.3
420,1918-01-01,3.85,66.8
421,1918-02-01,6.300000000000001,73.1
422,1918-03-01,5.75,36.7
423,1918-04-01,6.7,34.8
424,1918-05-01,13.1,69.0
425,1918-06-01,13.15,14.8
426,1920-01-01,5.050000000000001,104.9
427,1920-02-01,5.9,81.0
428,1920-03-01,7.199999999999999,56.8
429,1920-04-01,7.6,122.6
430,1920-05-01,11.6,79.1
431,1920-06-01,14.0,88.1
432,1920-07-01,14.15,110.8
433,1920-08-01,13.700000000000001,22.6
434,1920-09-01,13.0,28.6
435,1920-10-01,10.45,50.5
436,1920-11-01,7.2,29.2
437,1920-12-01,4.55,82.7
438,1921-01-01,7.0,85.3
439,1921-02-01,4.9,8.6
440,1921-03-01,7.35,48.6
441,1921-04-01,8.3,23.4
442,1921-05-01,11.4,31.8
443,1921-06-01,14.45,8.4
444,1921-07-01,18.25,11.5
445,1921-08-01,15.45,121.5
446,1921-09-01,14.4,28.4
447,1921-10-01,13.149999999999999,56.3
448,1921-11-01,4.8,48.8
449,1921-12-01,6.6499999999999995,105.7
450,1922-01-01,3.1,111.5
451,1922-02-01,3.85,81.1
452,1922-03-01,4.15,50.9
453,1922-04-01,5.3,96.6
454,1922-05-01,13.1,20.7
455,1922-06-01,13.649999999999999,32.1
456,1922-07-01,13.55,83.3
457,1922-08-01,13.5,197.7
458,1922-09-01,12.100000000000001,72.6
459,1922-10-01,8.45,26.0
460,1922-11-01,6.4,37.3
461,1922-12-01,5.65,94.4
462,1923-01-01,6.3,36.2
463,1923-02-01,4.65,153.0
464,1923-03-01,6.4,46.8
465,1923-04-01,7.15,59.2
466,1923-05-01,8.95,80.8
467,1923-06-01,12.100000000000001,19.6
468,1924-01-01,4.449999999999999,54.2
469,1924-02-01,3.4,31.3
470,1924-03-01,3.6,21.8
471,1924-04-01,6.8500000000000005,49.1
472,1924-05-01,11.399999999999999,93.8
473,1924-06-01,14.0,40.4
474,1924-07-01,15.35,65.6
475,1924-08-01,14.1,63.2
476,1924-09-01,13.25,89.3
477,1924-10-01,10.05,102.3
478,1924-11-01,7.25,55.6
479,1924-12-01,7.05,73.5
480,1925-01-01,5.1,84.8
481,1925-02-01,4.75,98.2
482,1925-03-01,5.0,24.3
483,1925-04-01,7.35,75.0
484,1925-05-01,11.75,94.6
485,1925-06-01,14.75,2.2
486,1925-07-01,17.2,23.2
487,1925-08-01,15.8,79.4
488,1925-09-01,11.55,60.8
489,1925-10-01,10.45,91.2
490,1925-11-01,4.05,62.0
491,1925-12-01,3.05,78.2
492,1926-01-01,4.5,83.8
493,1926-02-01,6.5,55.6
494,1926-03-01,6.15,35.2
495,1926-04-01,9.45,45.1
496,1926-05-01,9.75,74.1
497,1926-06-01,13.600000000000001,77.5
498,1926-07-01,16.95,62.1
499,1926-08-01,16.25,70.2
500,1926-09-01,14.100000000000001,34.1
501,1926-10-01,8.1,78.0
502,1926-11-01,5.949999999999999,95.0
503,1926-12-01,4.55,30.7
504,1927-01-01,4.95,47.9
505,1927-02-01,4.6000000000000005,38.2
506,1927-03-01,7.1000000000000005,74.6
507,1927-04-01,8.1,56.7
508,1927-05-01,10.35,33.8
509,1927-06-01,12.05,105.4
510,1927-07-01,15.45,67.5
511,1927-08-01,15.75,127.5
512,1927-09-01,12.55,99.8
513,1927-10-01,10.3,64.5
514,1927-11-01,6.1,84.2
515,1927-12-01,1.5,66.7
516,1928-01-01,5.25,167.7
517,1928-02-01,5.85,104.9
518,1928-03-01,5.8,72.2
519,1928-04-01,7.9,31.9
520,1928-05-01,10.05,31.9
521,1928-06-01,12.600000000000001,77.2
522,1928-07-01,16.25,17.7
523,1928-08-01,15.45,64.3
524,1928-09-01,12.9,6.0
525,1928-10-01,10.0,122.0
526,1928-11-01,7.85,118.1
527,1928-12-01,3.7,57.2
528,1929-01-01,2.05,40.5
529,1929-02-01,0.050000000000000044,17.1
530,1929-03-01,7.25,3.3
531,1929-04-01,6.5,25.9
532,1929-05-01,11.3,52.1
533,1929-06-01,13.3,38.0
534,1929-07-01,16.4,25.3
535,1929-08-01,15.15,47.7
536,1929-09-01,15.5,37.3
537,1929-10-01,9.55,85.9
538,1929-11-01,6.65,153.2
539,1929-12-01,5.45,186.2
540,1930-01-01,5.25,120.5
541,1930-02-01,2.5,22.2
542,1930-03-01,5.1,76.2
543,1930-04-01,7.9,64.5
544,1930-05-01,10.35,38.3
545,1930-06-01,15.1,27.1
546,1930-07-01,15.0,149.4
547,1930-08-01,15.899999999999999,62.3
548,1930-09-01,13.6,127.9
549,1930-10-01,10.5,79.1
550,1930-11-01,6.4,83.4
551,1930-12-01,4.15,68.3
552,1931-01-01,3.65,61.0
553,1931-02-01,3.7,83.4
554,1931-03-01,3.5,5.4
555,1931-04-01,7.75,83.8
556,1931-05-01,11.25,78.3
557,1931-06-01,14.15,111.8
558,1931-07-01,15.75,104.1
559,1931-08-01,14.15,145.2
560,1931-09-01,12.05,94.3
561,1931-10-01,9.15,20.0
562,1931-11-01,7.6,104.7
563,1931-12-01,5.65,35.9
564,1932-01-01,6.25,68.6
565,1932-02-01,3.95,10.1
566,1932-03-01,5.0,41.1
567,1932-04-01,6.5,82.2
568,1932-05-01,9.9,170.7
569,1932-06-01,13.7,17.2
570,1932-07-01,16.15,122.1
571,1932-08-01,17.25,61.0
572,1932-09-01,13.2,46.3
573,1932-10-01,8.850000000000001,101.1
574,1932-11-01,6.65,59.0
575,1932-12-01,5.8,30.0
576,1933-01-01,2.7,53.1
577,1933-02-01,4.2,113.2
578,1933-03-01,7.25,64.2
579,1933-04-01,9.25,33.8
580,1933-05-01,12.0,48.0
581,1933-06-01,15.6,26.7
582,1933-07-01,18.3,53.0
583,1933-08-01,18.05,11.5
584,1933-09-01,15.399999999999999,41.1
585,1933-10-01,10.3,128.0
586,1933-11-01,6.4,46.4
587,1933-12-01,2.65,14.8
588,1934-01-01,4.65,68.7
589,1934-02-01,4.85,7.5
590,1934-03-01,4.8500000000000005,77.0
591,1934-04-01,7.7,65.3
592,1934-05-01,11.7,33.1
593,1934-06-01,14.75,23.3
594,1934-07-01,18.6,39.6
595,1934-08-01,15.4,27.5
596,1934-09-01,14.65,45.1
597,1934-10-01,10.4,66.1
598,1934-11-01,6.65,50.0
599,1934-12-01,7.75,123.6
600,1935-01-01,4.95,38.0
601,1935-02-01,5.6,101.5
602,1935-03-01,6.6,39.0
603,1935-04-01,7.85,63.3
604,1935-05-01,9.65,9.7
605,1935-06-01,15.25,77.2
606,1935-07-01,17.45,17.0
607,1935-08-01,17.4,50.7
608,1935-09-01,13.45,104.2
609,1935-10-01,9.25,128.6
610,1935-11-01,6.65,147.6
611,1935-12-01,3.0,94.5
612,1936-01-01,3.4,81.9
613,1936-02-01,1.7000000000000002,69.5
614,1936-03-01,6.45,52.7
615,1936-04-01,6.35,39.9
616,1936-05-01,10.75,34.5
617,1936-06-01,14.5,87.2
618,1936-07-01,15.45,93.0
619,1936-08-01,16.4,32.6
620,1936-09-01,14.6,64.5
621,1936-10-01,9.9,74.3
622,1936-11-01,5.8,76.8
623,1936-12-01,5.4,67.4
624,1937-01-01,4.7,139.3
625,1937-02-01,5.0,131.9
626,1937-03-01,2.85,84.9
627,1937-04-01,8.45,56.5
628,1937-05-01,11.9,77.7
629,1937-06-01,14.149999999999999,27.7
630,1937-07-01,16.1,75.3
631,1937-08-01,16.9,14.9
632,1937-09-01,13.5,50.1
633,1937-10-01,10.7,85.5
634,1937-11-01,5.6,59.9
635,1937-12-01,3.15,95.1
636,1938-01-01,5.8500000000000005,93.9
637,1938-02-01,4.95,27.1
638,1938-03-01,9.95,7.2
639,1938-04-01,7.949999999999999,4.8
640,1938-05-01,10.75,67.1
641,1938-06-01,14.55,50.6
642,1938-07-01,15.0,96.1
643,1938-08-01,15.899999999999999,78.4
644,1938-09-01,13.75,58.7
645,1938-10-01,10.4,119.8
646,1938-11-01,9.05,101.8
647,1938-12-01,4.0,84.1
648,1939-01-01,3.95,148.9
649,1939-02-01,5.3999999999999995,45.0
650,1939-03-01,5.7,55.4
651,1939-04-01,8.45,48.4
652,1939-05-01,11.4,49.2
653,1939-06-01,13.799999999999999,60.3
654,1939-07-01,15.55,129.3
655,1939-08-01,16.25,61.4
656,1939-09-01,14.1,49.3
657,1939-10-01,8.15,94.8
658,1939-11-01,8.25,136.6
659,1939-12-01,4.2,57.7
660,1940-01-01,-0.85,83.3
661,1940-02-01,1.35,63.1
662,1940-03-01,6.05,53.4
663,1940-04-01,8.100000000000001,69.1
664,1940-05-01,12.649999999999999,28.8
665,1940-06-01,17.0,15.1
666,1940-07-01,15.45,69.5
667,1940-08-01,15.7,7.7
668,1940-09-01,12.9,34.2
669,1940-10-01,9.55,106.9
670,1940-11-01,6.8999999999999995,173.0
671,1940-12-01,4.4,61.3
672,1941-01-01,0.15000000000000002,125.5
673,1941-02-01,2.95,87.7
674,1941-03-01,4.5,125.1
675,1941-04-01,6.050000000000001,46.4
676,1941-05-01,9.1,77.6
677,1941-06-01,15.05,6.0
678,1941-07-01,17.95,106.2
679,1941-08-01,14.950000000000001,69.6
680,1941-09-01,14.8,8.5
681,1941-10-01,10.45,108.8
682,1941-11-01,6.15,92.5
683,1941-12-01,6.35,28.2
684,1942-01-01,1.2000000000000002,84.0
685,1942-02-01,0.050000000000000044,31.1
686,1942-03-01,4.45,57.1
687,1942-04-01,8.75,36.0
688,1942-05-01,11.0,114.3
689,1942-06-01,14.75,29.4
690,1942-07-01,15.6,52.3
691,1942-08-01,16.4,84.8
692,1942-09-01,13.7,29.4
693,1942-10-01,10.75,67.6
694,1942-11-01,6.3,37.0
695,1942-12-01,6.6,58.1
696,1943-01-01,4.300000000000001,117.6
697,1943-02-01,6.15,41.1
698,1943-03-01,7.0,33.4
699,1943-04-01,10.65,48.0
700,1943-05-01,12.0,69.6
701,1943-06-01,14.6,39.3
702,1943-07-01,16.3,32.6
703,1943-08-01,15.75,61.9
704,1943-09-01,13.3,83.2
705,1943-10-01,10.85,48.3
706,1943-11-01,6.449999999999999,59.8
707,1943-12-01,4.4,26.5
708,1944-01-01,6.1000000000000005,96.2
709,1944-02-01,3.5,50.6
710,1944-03-01,5.6,11.0
711,1944-04-01,10.0,58.5
712,1944-05-01,11.15,60.0
713,1944-06-01,13.100000000000001,56.3
714,1944-07-01,16.15,58.2
715,1944-08-01,16.65,64.1
716,1944-09-01,12.5,111.7
717,1944-10-01,9.25,77.3
718,1944-11-01,6.25,142.1
719,1944-12-01,4.15,61.9
720,1945-01-01,1.2,75.2
721,1945-02-01,7.15,69.1
722,1945-03-01,8.649999999999999,13.7
723,1945-04-01,10.15,44.5
724,1945-05-01,12.05,78.8
725,1945-06-01,14.7,80.4
726,1945-07-01,17.049999999999997,45.3
727,1945-08-01,16.0,66.8
728,1945-09-01,14.25,20.9
729,1945-10-01,12.05,136.8
730,1945-11-01,7.5,9.9
731,1945-12-01,5.3,42.5
732,1946-01-01,3.15,108.1
733,1946-02-01,5.85,111.8
734,1946-03-01,5.4,32.9
735,1946-04-01,10.2,29.2
736,1946-05-01,9.95,60.7
737,1946-06-01,13.3,85.3
738,1946-07-01,16.55,63.9
739,1946-08-01,14.649999999999999,110.2
740,1946-09-01,13.85,113.0
741,1946-10-01,9.6,32.0
742,1946-11-01,8.0,158.2
743,1946-12-01,3.55,80.4
744,1947-01-01,1.85,85.4
745,1947-02-01,-2.05,69.0
746,1947-03-01,2.75,141.4
747,1947-04-01,8.45,88.5
748,1947-05-01,13.35,56.8
749,1947-06-01,15.75,68.4
750,1947-07-01,17.1,32.8
751,1947-08-01,18.6,12.7
752,1947-09-01,14.95,35.5
753,1947-10-01,11.399999999999999,14.0
754,1947-11-01,7.25,72.6
755,1947-12-01,5.5,94.0
756,1948-01-01,4.9,165.3
757,1948-02-01,4.4,59.0
758,1948-03-01,8.2,26.1
759,1948-04-01,8.9,42.1
760,1948-05-01,11.2,38.4
761,1948-06-01,13.299999999999999,72.5
762,1948-07-01,15.7,24.2
763,1948-08-01,15.0,118.9
764,1948-09-01,13.75,37.4
765,1948-10-01,10.3,37.1
766,1948-11-01,7.75,28.0
767,1948-12-01,5.45,87.6
768,1949-01-01,5.4,34.4
769,1949-02-01,5.85,38.4
770,1949-03-01,4.55,32.5
771,1949-04-01,9.85,66.4
772,1949-05-01,11.15,41.0
773,1949-06-01,15.05,13.3
774,1949-07-01,17.15,114.8
775,1949-08-01,16.8,41.6
776,1949-09-01,16.1,28.0
777,1949-10-01,11.3,84.2
778,1949-11-01,6.45,112.9
779,1949-12-01,5.65,105.7
780,1950-01-01,4.35,35.7
781,1950-02-01,4.9,147.9
782,1950-03-01,7.7,25.5
783,1950-04-01,7.05,78.0
784,1950-05-01,10.35,38.9
785,1950-06-01,16.25,28.4
786,1950-07-01,16.049999999999997,43.1
787,1950-08-01,15.8,84.6
788,1950-09-01,12.850000000000001,87.1
789,1950-10-01,9.8,35.4
790,1950-11-01,5.699999999999999,119.3
791,1950-12-01,1.4500000000000002,50.6
792,1951-01-01,3.75,68.8
793,1951-02-01,3.35,92.4
794,1951-03-01,3.7,102.5
795,1951-04-01,6.8500000000000005,31.8
796,1951-05-01,9.4,100.6
797,1951-06-01,13.649999999999999,14.7
798,1951-07-01,16.450000000000003,32.9
799,1951-08-01,14.799999999999999,133.1
800,1951-09-01,14.2,45.1
801,1951-10-01,10.0,23.7
802,1951-11-01,8.3,199.2
803,1951-12-01,5.3999999999999995,92.9
804,1952-01-01,2.85,89.9
805,1952-02-01,3.6500000000000004,19.7
806,1952-03-01,6.25,57.0
807,1952-04-01,9.55,40.8
808,1952-05-01,13.3,74.4
809,1952-06-01,14.35,37.4
810,1952-07-01,16.4,32.6
811,1952-08-01,15.95,37.0
812,1952-09-01,10.899999999999999,70.0
813,1952-10-01,9.0,124.6
814,1952-11-01,4.449999999999999,50.7
815,1952-12-01,3.7,60.4
816,1953-01-01,4.4,21.2
817,1953-02-01,4.95,54.8
818,1953-03-01,6.3,47.8
819,1953-04-01,7.2,59.9
820,1953-05-01,12.95,61.4
821,1953-06-01,14.25,49.5
822,1953-07-01,15.7,66.1
823,1953-08-01,16.3,79.6
824,1953-09-01,14.15,34.8
825,1953-10-01,9.9,50.3
826,1953-11-01,8.75,44.0
827,1953-12-01,6.9,28.8
828,1954-01-01,3.15,70.2
829,1954-02-01,2.05,74.5
830,1954-03-01,5.5,61.4
831,1954-04-01,7.8999999999999995,7.6
832,1954-05-01,11.15,93.8
833,1954-06-01,13.149999999999999,57.2
834,1954-07-01,14.149999999999999,49.2
835,1954-08-01,14.35,166.7
836,1954-09-01,12.7,58.0
837,1954-10-01,12.05,78.7
838,1954-11-01,6.85,170.7
839,1954-12-01,6.550000000000001,95.8
840,1955-01-01,2.65,60.0
841,1955-02-01,1.3,69.2
842,1955-03-01,3.2,88.1
843,1955-04-01,9.7,19.0
844,1955-05-01,9.3,85.5
845,1955-06-01,13.25,85.9
846,1955-07-01,17.85,30.8
847,1955-08-01,17.75,19.3
848,1955-09-01,14.7,18.4
849,1955-10-01,9.9,60.4
850,1955-11-01,7.449999999999999,67.2
851,1955-12-01,5.5,96.4
852,1956-01-01,3.85,154.0
853,1956-02-01,0.65,30.5
854,1956-03-01,5.699999999999999,26.4
855,1956-04-01,6.5,63.5
856,1956-05-01,12.25,11.2
857,1956-06-01,12.95,82.1
858,1956-07-01,15.55,141.7
859,1956-08-01,13.4,146.1
860,1956-09-01,14.15,83.4
861,1956-10-01,9.9,33.1
862,1956-11-01,6.6000000000000005,21.4
863,1956-12-01,5.7,107.9
864,1957-01-01,5.5,44.8
865,1957-02-01,5.0,78.8
866,1957-03-01,9.0,58.2
867,1957-04-01,8.55,2.2
868,1957-05-01,10.45,27.3
869,1957-06-01,15.3,31.8
870,1957-07-01,16.2,83.2
871,1957-08-01,15.1,117.2
872,1957-09-01,12.45,98.8
873,1957-10-01,10.9,41.6
874,1957-11-01,6.8,61.3
875,1957-12-01,4.7,88.3
876,1958-01-01,3.6500000000000004,86.4
877,1958-02-01,4.4,121.7
878,1958-03-01,3.4499999999999997,49.9
879,1958-04-01,7.6,19.7
880,1958-05-01,11.45,71.4
881,1958-06-01,13.45,126.6
882,1958-07-01,15.85,144.6
883,1958-08-01,15.9,65.9
884,1958-09-01,15.1,85.8
885,1958-10-01,10.8,66.8
886,1958-11-01,6.8,15.6
887,1958-12-01,4.75,110.0
888,1959-01-01,2.25,89.7
889,1959-02-01,5.15,2.2
890,1959-03-01,7.15,38.4
891,1959-04-01,9.55,88.5
892,1959-05-01,12.75,26.7
893,1959-06-01,15.45,30.7
894,1959-07-01,17.65,33.5
895,1959-08-01,17.799999999999997,18.8
896,1959-09-01,15.3,0.6
897,1959-10-01,12.35,57.4
898,1959-11-01,6.9,106.0
899,1959-12-01,5.7,116.8
900,1960-01-01,4.05,137.7
901,1960-02-01,3.85,77.9
902,1960-03-01,5.55,52.1
903,1960-04-01,9.45,38.9
904,1960-05-01,13.200000000000001,46.4
905,1960-06-01,16.6,41.4
906,1960-07-01,15.25,64.8
907,1960-08-01,15.25,80.6
908,1960-09-01,13.350000000000001,108.7
909,1960-10-01,9.95,179.0
910,1960-11-01,7.15,116.2
911,1960-12-01,4.4,91.5
912,1961-01-01,3.25,96.1
913,1961-02-01,6.9,63.1
914,1961-03-01,9.25,14.3
915,1961-04-01,9.5,84.1
916,1961-05-01,10.7,42.9
917,1961-06-01,14.8,33.9
918,1961-07-01,15.05,55.7
919,1961-08-01,15.55,62.2
920,1961-09-01,15.3,53.0
921,1961-10-01,10.8,94.9
922,1961-11-01,6.3999999999999995,42.3
923,1961-12-01,2.4,75.5
924,1962-01-01,4.7,91.2
925,1962-02-01,4.45,57.8
926,1962-03-01,2.7,27.8
927,1962-04-01,7.5,76.3
928,1962-05-01,9.9,78.4
929,1962-06-01,13.8,13.5
930,1962-07-01,14.3,39.7
931,1962-08-01,14.3,94.9
932,1962-09-01,12.65,84.4
933,1962-10-01,10.65,32.0
934,1962-11-01,5.35,38.5
935,1962-12-01,2.35,54.1
936,1963-01-01,-0.7999999999999999,46.8
937,1963-02-01,-1.05,28.3
938,1963-03-01,5.25,72.0
939,1963-04-01,8.05,60.3
940,1963-05-01,10.5,31.5
941,1963-06-01,14.8,99.1
942,1963-07-01,15.35,68.6
943,1963-08-01,14.100000000000001,60.1
944,1963-09-01,13.049999999999999,79.5
945,1963-10-01,10.5,39.4
946,1963-11-01,7.55,132.5
947,1963-12-01,3.1,18.7
948,1964-01-01,3.4,23.1
949,1964-02-01,4.1499999999999995,28.7
950,1964-03-01,3.35,122.4
951,1964-04-01,9.05,46.1
952,1964-05-01,13.45,55.5
953,1964-06-01,13.55,70.2
954,1964-07-01,15.850000000000001,50.8
955,1964-08-01,15.5,49.4
956,1964-09-01,14.0,20.8
957,1964-10-01,9.1,41.8
958,1964-11-01,7.25,40.8
959,1964-12-01,3.35,93.7
960,1965-01-01,3.55,90.1
961,1965-02-01,3.5,22.4
962,1965-03-01,4.9,74.0
963,1965-04-01,8.15,50.0
964,1965-05-01,11.55,68.2
965,1965-06-01,14.7,91.8
966,1965-07-01,13.75,58.9
967,1965-08-01,15.05,49.2
968,1965-09-01,12.45,167.4
969,1965-10-01,10.899999999999999,27.5
970,1965-11-01,4.2,147.5
971,1965-12-01,4.5,191.5
972,1966-01-01,2.4499999999999997,41.5
973,1966-02-01,4.85,154.2
974,1966-03-01,6.55,46.9
975,1966-04-01,6.1,140.6
976,1966-05-01,11.45,58.8
977,1966-06-01,15.399999999999999,61.3
978,1966-07-01,14.95,44.5
979,1966-08-01,14.8,92.9
980,1966-09-01,13.9,55.7
981,1966-10-01,9.75,101.4
982,1966-11-01,5.65,93.9
983,1966-12-01,5.1,77.3
984,1967-01-01,4.05,49.7
985,1967-02-01,5.4,70.9
986,1967-03-01,7.199999999999999,57.8
987,1967-04-01,7.85,32.7
988,1967-05-01,10.15,172.6
989,1967-06-01,14.85,13.7
990,1967-07-01,17.15,40.9
991,1967-08-01,16.0,70.3
992,1967-09-01,13.25,62.5
993,1967-10-01,10.8,115.5
994,1967-11-01,5.199999999999999,71.4
995,1967-12-01,4.35,44.7
996,1968-01-01,4.3,67.4
997,1968-02-01,2.0,42.8
998,1968-03-01,6.449999999999999,61.3
999,1968-04-01,8.4,54.2
1000,1968-05-01,9.8,82.8
1001,1968-06-01,14.9,54.9
1002,1968-07-01,14.85,112.5
1003,1968-08-01,15.6,41.8
1004,1968-09-01,13.899999999999999,155.2
1005,1968-10-01,12.4,63.5
1006,1968-11-01,6.1,87.3
1007,1968-12-01,3.1,52.9
1008,1969-01-01,5.4,85.0
1009,1969-02-01,0.5,101.0
1010,1969-03-01,2.35,119.9
1011,1969-04-01,7.3,76.1
1012,1969-05-01,11.0,99.1
1013,1969-06-01,14.05,62.5
1014,1969-07-01,17.2,52.6
1015,1969-08-01,16.25,48.5
1016,1969-09-01,13.9,38.9
1017,1969-10-01,12.75,24.7
1018,1969-11-01,4.85,163.7
1019,1969-12-01,3.7,72.7
1020,1970-01-01,3.6,94.7
1021,1970-02-01,2.8,104.0
1022,1970-03-01,3.6999999999999997,55.4
1023,1970-04-01,6.9,106.6
1024,1970-05-01,12.95,16.9
1025,1970-06-01,16.5,24.2
1026,1970-07-01,15.45,39.2
1027,1970-08-01,16.299999999999997,72.9
1028,1970-09-01,14.75,42.8
1029,1970-10-01,10.8,47.9
1030,1970-11-01,7.35,141.4
1031,1970-12-01,4.4,40.6
1032,1971-01-01,4.449999999999999,69.3
1033,1971-02-01,5.1,26.7
1034,1971-03-01,5.449999999999999,47.2
1035,1971-04-01,7.699999999999999,84.1
1036,1971-05-01,11.7,63.5
1037,1971-06-01,12.2,69.4
1038,1971-07-01,17.450000000000003,86.3
1039,1971-08-01,15.6,102.2
1040,1971-09-01,14.45,31.2
1041,1971-10-01,11.7,92.8
1042,1971-11-01,6.4,62.6
1043,1971-12-01,6.800000000000001,35.1
1044,1972-02-01,3.8,65.9
1045,1972-03-01,6.2,106.2
1046,1972-04-01,8.4,56.9
1047,1972-05-01,10.6,56.6
1048,1972-06-01,12.25,83.1
1049,1972-07-01,15.55,55.7
1050,1972-08-01,15.4,61.2
1051,1972-09-01,11.8,50.6
1052,1972-10-01,10.25,14.5
1053,1972-11-01,6.85,84.9
1054,1972-12-01,5.25,80.3
1055,1973-01-01,4.75,39.8
1056,1973-02-01,4.75,65.0
1057,1973-03-01,7.1,15.1
1058,1973-04-01,7.05,77.5
1059,1973-05-01,11.45,59.5
1060,1973-06-01,15.4,44.0
1061,1973-07-01,15.899999999999999,200.6
1062,1973-08-01,16.4,58.0
1063,1973-09-01,14.25,58.1
1064,1973-10-01,9.1,63.3
1065,1973-11-01,6.1,28.8
1066,1973-12-01,4.85,51.6
1067,1974-01-01,5.5,79.3
1068,1974-02-01,5.55,67.3
1069,1974-03-01,5.35,39.8
1070,1974-04-01,7.6,12.3
1071,1974-05-01,11.3,39.5
1072,1974-06-01,13.75,48.5
1073,1974-07-01,15.2,67.6
1074,1974-08-01,15.5,81.0
1075,1974-09-01,12.25,90.8
1076,1974-10-01,7.65,55.9
1077,1974-11-01,6.199999999999999,121.1
1078,1974-12-01,7.5,71.1
1079,1975-01-01,6.35,73.2
1080,1975-02-01,4.05,15.8
1081,1975-03-01,4.35,58.8
1082,1975-04-01,8.649999999999999,46.9
1083,1975-05-01,9.7,86.2
1084,1975-06-01,14.9,11.9
1085,1975-07-01,17.45,81.9
1086,1975-08-01,19.35,51.2
1087,1975-09-01,13.4,34.6
1088,1975-10-01,9.95,27.2
1089,1975-11-01,6.050000000000001,28.6
1090,1975-12-01,5.8,43.0
1091,1976-01-01,5.4,93.8
1092,1976-02-01,4.4,33.7
1093,1976-03-01,4.6,29.5
1094,1976-04-01,8.05,16.2
1095,1976-05-01,11.850000000000001,79.9
1096,1976-06-01,17.15,16.6
1097,1976-07-01,18.6,16.9
1098,1976-08-01,17.45,17.3
1099,1976-09-01,13.0,134.9
1100,1976-10-01,10.25,127.7
1101,1976-11-01,5.9,32.4
1102,1976-12-01,2.0,75.3
1103,1977-01-01,2.5,113.8
1104,1977-02-01,3.9,201.4
1105,1977-03-01,6.45,59.7
1106,1977-04-01,7.1,45.0
1107,1977-05-01,10.35,43.5
1108,1977-06-01,12.35,66.4
1109,1977-07-01,15.75,9.5
1110,1977-08-01,15.549999999999999,69.2
1111,1977-09-01,13.15,35.2
1112,1977-10-01,11.2,45.4
1113,1977-11-01,5.9,112.0
1114,1977-12-01,5.55,82.5
1115,1978-01-01,3.0,99.4
1116,1978-02-01,1.9500000000000002,55.4
1117,1978-03-01,6.699999999999999,73.2
1118,1978-04-01,6.2,47.3
1119,1978-05-01,11.600000000000001,34.7
1120,1978-06-01,13.7,90.0
1121,1978-07-01,14.600000000000001,58.8
1122,1978-08-01,15.15,48.5
1123,1978-09-01,14.1,48.8
1124,1978-10-01,12.25,9.9
1125,1978-11-01,8.65,50.0
1126,1978-12-01,2.9,207.9
1127,1979-01-01,0.050000000000000044,82.3
1128,1979-02-01,0.7000000000000001,78.6
1129,1979-03-01,4.3,148.0
1130,1979-04-01,7.7,83.1
1131,1979-05-01,10.2,115.5
1132,1979-06-01,14.75,34.9
1133,1979-07-01,16.299999999999997,13.0
1134,1979-08-01,15.25,79.0
1135,1979-09-01,13.600000000000001,25.0
1136,1979-10-01,11.0,66.4
1137,1979-11-01,6.75,96.9
1138,1979-12-01,5.5,137.7
1139,1980-01-01,2.4000000000000004,70.9
1140,1980-02-01,5.35,117.1
1141,1980-03-01,4.65,100.1
1142,1980-04-01,9.25,10.6
1143,1980-05-01,11.05,20.5
1144,1980-06-01,14.1,132.8
1145,1980-07-01,14.75,66.9
1146,1980-08-01,15.9,79.0
1147,1980-09-01,15.0,33.2
1148,1980-10-01,8.75,113.2
1149,1980-11-01,6.55,81.8
1150,1980-12-01,5.800000000000001,51.7
1151,1981-01-01,4.8,56.4
1152,1981-02-01,2.9,89.4
1153,1981-03-01,7.449999999999999,149.9
1154,1981-04-01,7.4,110.5
1155,1981-05-01,11.6,65.3
1156,1981-06-01,13.600000000000001,33.4
1157,1981-07-01,15.9,18.8
1158,1981-08-01,16.45,57.2
1159,1981-09-01,14.95,107.8
1160,1981-10-01,8.3,87.9
1161,1981-11-01,7.65,70.4
1162,1981-12-01,0.15000000000000013,93.6
1163,1982-01-01,2.8000000000000003,39.9
1164,1982-02-01,4.75,20.4
1165,1982-03-01,6.25,100.1
1166,1982-04-01,9.15,17.3
1167,1982-05-01,11.9,23.6
1168,1982-06-01,15.049999999999999,225.0
1169,1982-07-01,16.7,14.7
1170,1982-08-01,15.8,83.5
1171,1982-09-01,14.6,56.4
1172,1982-10-01,10.15,54.7
1173,1982-11-01,7.7,117.5
1174,1982-12-01,4.3500000000000005,78.7
1175,1983-01-01,6.5,98.7
1176,1983-02-01,1.35,39.9
1177,1983-03-01,6.65,65.7
1178,1983-04-01,6.65,121.2
1179,1983-05-01,10.0,127.0
1180,1983-06-01,13.95,7.6
1181,1983-07-01,19.4,44.4
1182,1983-08-01,17.35,31.3
1183,1983-09-01,13.5,120.1
1184,1983-10-01,10.45,66.9
1185,1983-11-01,7.7,41.2
1186,1983-12-01,5.8,142.2
1187,1984-01-01,3.1999999999999997,160.2
1188,1984-02-01,3.1999999999999997,79.7
1189,1984-03-01,4.75,52.3
1190,1984-04-01,8.4,10.0
1191,1984-05-01,10.4,55.4
1192,1984-06-01,14.8,40.9
1193,1984-07-01,17.2,13.3
1194,1984-08-01,17.55,81.9
1195,1984-09-01,13.55,117.6
1196,1984-10-01,11.0,82.7
1197,1984-11-01,7.75,124.9
1198,1984-12-01,4.85,47.6
1199,1985-01-01,1.4500000000000002,73.0
1200,1985-02-01,2.7,4.6
1201,1985-03-01,4.949999999999999,48.8
1202,1985-04-01,8.2,69.5
1203,1985-05-01,10.6,63.4
1204,1985-06-01,12.7,76.5
1205,1985-07-01,16.549999999999997,46.4
1206,1985-08-01,14.85,87.9
1207,1985-09-01,14.9,14.2
1208,1985-10-01,11.55,33.6
1209,1985-11-01,4.0,78.2
1210,1985-12-01,6.1,78.0
1211,1986-01-01,3.0,174.1
1212,1986-02-01,-1.0,37.2
1213,1986-03-01,5.0,67.4
1214,1986-04-01,5.65,111.0
1215,1986-05-01,11.75,94.7
1216,1986-06-01,14.55,48.0
1217,1986-07-01,15.95,25.3
1218,1986-08-01,13.4,109.9
1219,1986-09-01,11.850000000000001,9.5
1220,1986-10-01,10.8,85.7
1221,1986-11-01,7.65,93.0
1222,1986-12-01,5.85,142.3
1223,1987-01-01,1.15,52.9
1224,1987-02-01,3.85,35.1
1225,1987-03-01,4.25,89.2
1226,1987-04-01,10.35,64.6
1227,1987-05-01,10.25,32.6
1228,1987-06-01,12.75,140.0
1229,1987-07-01,16.0,51.4
1230,1987-08-01,15.95,45.1
1231,1987-09-01,13.35,67.2
1232,1987-10-01,9.25,119.5
1233,1987-11-01,6.3,53.5
1234,1987-12-01,5.85,38.2
1235,1988-01-01,4.85,173.9
1236,1988-02-01,4.75,81.0
1237,1988-03-01,6.050000000000001,97.3
1238,1988-04-01,8.3,44.1
1239,1988-05-01,11.649999999999999,50.4
1240,1988-06-01,14.85,55.9
1241,1988-07-01,15.100000000000001,106.7
1242,1988-08-01,15.6,78.6
1243,1988-09-01,13.1,51.7
1244,1988-10-01,10.05,88.9
1245,1988-11-01,5.8,50.5
1246,1988-12-01,7.6000000000000005,36.0
1247,1989-01-01,6.45,20.6
1248,1989-02-01,6.0,75.3
1249,1989-03-01,7.45,77.7
1250,1989-04-01,6.15,115.5
1251,1989-05-01,13.299999999999999,26.0
1252,1989-06-01,15.1,54.1
1253,1989-07-01,18.0,41.4
1254,1989-08-01,16.55,36.2
1255,1989-09-01,14.55,23.3
1256,1989-10-01,11.7,65.3
1257,1989-11-01,6.5,42.6
1258,1989-12-01,4.75,159.1
1259,1990-01-01,6.4,128.7
1260,1990-02-01,7.05,115.2
1261,1990-03-01,8.85,21.6
1262,1990-04-01,8.5,25.9
1263,1990-05-01,12.9,18.9
1264,1990-06-01,14.0,46.4
1265,1990-07-01,17.0,21.5
1266,1990-08-01,18.450000000000003,40.8
1267,1990-09-01,13.149999999999999,30.4
1268,1990-10-01,11.5,129.7
1269,1990-11-01,6.8500000000000005,47.9
1270,1990-12-01,4.65,136.0
1271,1991-01-01,2.8,86.8
1272,1991-02-01,2.25,68.5
1273,1991-03-01,7.949999999999999,58.7
1274,1991-04-01,7.95,67.2
1275,1991-05-01,11.15,14.4
1276,1991-06-01,12.15,68.6
1277,1991-07-01,17.7,51.2
1278,1991-08-01,17.35,8.5
1279,1991-09-01,14.6,37.0
1280,1991-10-01,10.3,54.3
1281,1991-11-01,6.5,73.1
1282,1991-12-01,5.25,78.4
1283,1992-01-01,3.75,43.6
1284,1992-02-01,5.9,25.9
1285,1992-03-01,7.15,73.6
1286,1992-04-01,8.8,41.8
1287,1992-05-01,13.649999999999999,57.6
1288,1992-06-01,16.1,52.2
1289,1992-07-01,16.15,77.7
1290,1992-08-01,15.25,117.7
1291,1992-09-01,13.0,71.9
1292,1992-10-01,7.5,66.0
1293,1992-11-01,7.0,129.1
1294,1992-12-01,3.75,67.4
1295,1993-01-01,5.35,88.1
1296,1993-02-01,5.25,10.7
1297,1993-03-01,6.300000000000001,16.7
1298,1993-04-01,9.35,91.8
1299,1993-05-01,11.3,70.7
1300,1993-06-01,14.799999999999999,108.3
1301,1993-07-01,15.25,85.3
1302,1993-08-01,14.35,29.7
1303,1993-10-01,8.05,62.8
1304,1993-11-01,4.25,56.9
1305,1993-12-01,4.65,171.4
1306,1994-01-01,4.35,124.4
1307,1994-02-01,2.1500000000000004,75.7
1308,1994-03-01,7.4,78.1
1309,1994-04-01,8.45,55.3
1310,1994-05-01,10.2,65.6
1311,1994-06-01,14.899999999999999,14.6
1312,1994-07-01,18.1,33.1
1313,1994-08-01,15.75,45.0
1314,1994-09-01,12.25,148.2
1315,1994-10-01,9.45,57.9
1316,1994-11-01,9.35,103.3
1317,1994-12-01,6.3,103.9
1318,1995-01-01,3.95,157.7
1319,1995-02-01,6.2,99.2
1320,1995-03-01,5.45,63.9
1321,1995-04-01,9.149999999999999,24.6
1322,1995-05-01,12.05,48.1
1323,1995-06-01,14.0,11.3
1324,1995-07-01,18.95,22.5
1325,1995-08-01,18.799999999999997,12.1
1326,1995-09-01,13.700000000000001,75.6
1327,1995-10-01,12.700000000000001,21.9
1328,1995-11-01,7.550000000000001,60.5
1329,1995-12-01,1.95,70.4
1330,1996-01-01,3.55,57.0
1331,1996-02-01,2.5,75.1
1332,1996-03-01,3.8000000000000003,52.9
1333,1996-04-01,8.75,37.7
1334,1996-05-01,9.15,39.1
1335,1996-06-01,14.45,29.8
1336,1996-07-01,16.7,24.5
1337,1996-08-01,16.9,101.1
1338,1996-09-01,13.350000000000001,27.1
1339,1996-10-01,11.15,70.6
1340,1996-11-01,5.699999999999999,134.3
1341,1996-12-01,2.8,98.2
1342,1997-01-01,2.7,8.5
1343,1997-02-01,6.7,106.5
1344,1997-03-01,8.55,22.0
1345,1997-04-01,9.149999999999999,28.2
1346,1997-05-01,11.5,77.5
1347,1997-06-01,13.9,130.9
1348,1997-07-01,17.2,56.7
1349,1997-08-01,18.7,108.6
1350,1997-09-01,13.75,17.5
1351,1997-10-01,9.7,55.8
1352,1997-11-01,8.25,93.1
1353,1997-12-01,6.05,79.4
1354,1998-01-01,4.8,88.5
1355,1998-02-01,8.149999999999999,9.3
1356,1998-03-01,8.0,93.5
1357,1998-04-01,7.65,117.9
1358,1998-05-01,12.75,26.6
1359,1998-06-01,14.0,152.4
1360,1998-07-01,15.649999999999999,36.5
1361,1998-08-01,16.0,46.2
1362,1998-09-01,14.399999999999999,49.2
1363,1998-10-01,10.1,197.9
1364,1998-11-01,6.0,49.5
1365,1998-12-01,5.3500000000000005,57.9
1366,1999-01-01,5.4,90.8
1367,1999-02-01,5.2,44.7
1368,1999-03-01,7.449999999999999,82.8
1369,1999-04-01,9.6,91.6
1370,1999-05-01,13.25,51.0
1371,1999-06-01,14.25,61.0
1372,1999-07-01,17.95,30.1
1373,1999-08-01,16.0,75.4
1374,1999-09-01,15.85,113.7
1375,1999-10-01,10.8,55.3
1376,1999-11-01,7.65,48.2
1377,1999-12-01,4.5,135.6
1378,2000-01-01,5.25,49.8
1379,2000-02-01,6.1,72.0
1380,2000-03-01,7.550000000000001,43.3
1381,2000-04-01,7.949999999999999,153.3
1382,2000-05-01,12.0,63.9
1383,2000-06-01,15.1,46.6
1384,2000-07-01,15.100000000000001,68.5
1385,2000-08-01,16.8,46.3
1386,2000-09-01,14.450000000000001,117.8
1387,2000-10-01,10.1,139.5
1388,2000-11-01,6.55,167.9
1389,2000-12-01,5.15,118.0
1390,2001-01-01,2.8,42.1
1391,2001-02-01,4.25,79.4
1392,2001-03-01,4.8,56.2
1393,2001-04-01,7.65,80.1
1394,2001-05-01,12.75,58.0
1395,2001-06-01,14.25,43.9
1396,2001-07-01,17.299999999999997,57.5
1397,2001-08-01,16.85,111.9
1398,2001-09-01,12.95,67.3
1399,2001-10-01,13.05,113.0
1400,2001-12-01,3.6,28.0
1401,2002-01-01,5.35,55.9
1402,2002-02-01,6.800000000000001,173.9
1403,2002-03-01,7.6,34.7
1404,2002-04-01,9.45,40.7
1405,2002-05-01,12.350000000000001,60.9
1406,2002-06-01,15.0,30.9
1407,2002-07-01,16.05,133.8
1408,2002-08-01,17.3,83.4
1409,2002-09-01,14.2,49.7
1410,2002-10-01,9.7,145.3
1411,2002-11-01,7.75,111.1
1412,2002-12-01,4.800000000000001,129.8
1413,2003-01-01,4.7,60.7
1414,2003-02-01,3.3,30.8
1415,2003-03-01,7.55,38.4
1416,2003-04-01,9.899999999999999,44.6
1417,2003-05-01,12.65,42.6
1418,2003-06-01,16.55,111.1
1419,2003-07-01,17.7,44.9
1420,2003-08-01,17.9,14.0
1421,2003-09-01,14.399999999999999,22.7
1422,2003-10-01,9.3,48.2
1423,2003-11-01,7.8999999999999995,55.4
1424,2003-12-01,4.7,81.8
1425,2004-01-01,5.2,106.5
1426,2004-02-01,5.55,50.8
1427,2004-03-01,6.75,41.3
1428,2004-04-01,9.95,107.0
1429,2004-05-01,12.6,49.0
1430,2004-06-01,15.9,68.5
1431,2004-07-01,16.15,45.8
1432,2004-08-01,17.45,181.0
1433,2004-09-01,14.700000000000001,34.6
1434,2004-10-01,10.25,88.2
1435,2004-11-01,7.85,36.2
1436,2004-12-01,5.75,46.3
1437,2005-01-01,5.95,48.0
1438,2005-02-01,4.4,64.6
1439,2005-03-01,7.1499999999999995,31.7
1440,2005-04-01,8.85,82.6
1441,2005-05-01,11.55,17.5
1442,2005-06-01,15.850000000000001,42.2
1443,2005-07-01,16.85,84.0
1444,2005-08-01,16.45,39.9
1445,2005-09-01,15.1,89.2
1446,2005-10-01,12.850000000000001,113.1
1447,2005-11-01,6.45,57.4
1448,2005-12-01,4.75,56.7
1449,2006-01-01,4.4,18.6
1450,2006-02-01,3.8499999999999996,48.5
1451,2006-03-01,4.6,100.2
1452,2006-04-01,8.3,49.4
1453,2006-05-01,11.600000000000001,85.0
1454,2006-06-01,16.700000000000003,9.8
1455,2006-07-01,20.05,40.9
1456,2006-08-01,16.200000000000003,90.5
1457,2006-09-01,16.55,62.4
1458,2006-10-01,12.6,99.1
1459,2006-11-01,8.25,66.8
1460,2006-12-01,6.5,114.0
1461,2007-01-01,6.949999999999999,146.9
1462,2007-02-01,6.1,57.5
1463,2007-03-01,7.1499999999999995,44.5
1464,2007-04-01,11.600000000000001,5.8
1465,2007-05-01,11.899999999999999,83.8
1466,2007-06-01,14.9,285.6
1467,2007-07-01,15.5,113.0
1468,2007-08-01,15.95,27.1
1469,2007-09-01,14.05,28.1
1470,2007-10-01,11.05,23.3
1471,2007-11-01,7.65,58.3
1472,2007-12-01,4.8,74.9
1473,2008-01-01,6.45,154.0
1474,2008-02-01,5.25,48.7
1475,2008-03-01,5.9,98.8
1476,2008-04-01,7.9,79.2
1477,2008-05-01,13.05,43.5
1478,2008-06-01,14.7,56.7
1479,2008-07-01,16.9,108.7
1480,2008-08-01,16.75,82.6
1481,2008-10-01,10.0,93.2
1482,2008-11-01,6.95,60.0
1483,2008-12-01,4.15,52.8
1484,2009-01-01,3.5,47.0
1485,2009-02-01,4.5,39.6
1486,2009-03-01,7.45,44.2
1487,2009-04-01,10.3,51.0
1488,2009-05-01,12.2,81.7
1489,2009-07-01,16.5,113.4
1490,2009-08-01,17.15,46.4
1491,2009-09-01,14.45,26.8
1492,2009-10-01,11.45,50.0
1493,2009-11-01,8.1,161.6
1494,2009-12-01,3.25,66.1
1495,2010-01-01,1.75,48.6
1496,2010-02-01,2.3000000000000003,53.6
1497,2010-03-01,6.45,56.4
1498,2010-04-01,9.45,24.8
1499,2010-05-01,11.149999999999999,21.2
1500,2010-06-01,15.7,41.2
1501,2010-07-01,17.25,68.3
1502,2010-08-01,15.6,39.6
1503,2010-09-01,14.3,67.8
1504,2010-10-01,10.3,65.4
1505,2010-11-01,5.2,112.7
1506,2010-12-01,0.40000000000000013,18.8
1507,2011-01-01,4.15,49.6
1508,2011-02-01,6.5,104.2
1509,2011-03-01,7.15,12.4
1510,2011-04-01,12.3,11.2
1511,2011-05-01,12.55,40.2
1512,2011-06-01,14.7,47.8
1513,2011-07-01,15.9,18.0
1514,2011-08-01,16.15,42.0
1515,2011-09-01,15.55,27.8
1516,2011-10-01,12.55,57.2
1517,2011-11-01,9.399999999999999,37.4
1518,2011-12-01,5.85,124.6
1519,2012-01-01,5.4,87.6
1520,2012-02-01,4.949999999999999,26.2
1521,2012-03-01,9.15,32.6
1522,2012-04-01,7.3,180.6
1523,2012-05-01,12.0,48.0
1524,2012-06-01,13.8,166.6
1525,2012-07-01,15.9,107.2
1526,2012-08-01,16.7,99.2
1527,2012-09-01,13.4,90.6
1528,2012-10-01,9.149999999999999,61.2
1529,2012-11-01,6.5,110.6
1530,2012-12-01,4.65,136.0
1531,2013-01-01,3.7,70.4
1532,2013-02-01,2.9,63.4
1533,2013-03-01,2.15,63.4
1534,2013-04-01,7.95,9.2
1535,2013-05-01,11.2,84.2
1536,2013-06-01,14.45,37.8
1537,2013-07-01,18.85,56.6
1538,2013-08-01,17.35,33.4
1539,2013-09-01,13.85,47.2
1540,2013-10-01,12.25,136.2
1541,2013-11-01,6.5,56.6
1542,2013-12-01,6.5,69.8
1543,2014-01-01,5.4,124.2
1544,2014-02-01,6.0,106.2
1545,2014-03-01,7.9,48.6
1546,2014-04-01,10.45,60.4
1547,2014-05-01,12.55,123.8
1548,2014-06-01,15.399999999999999,45.4
1549,2014-07-01,18.25,20.0
1550,2014-08-01,15.4,67.4
1551,2014-09-01,14.649999999999999,9.6
1552,2014-10-01,11.95,60.8
1553,2014-11-01,8.25,95.8
1554,2014-12-01,5.5,102.0
1555,2015-01-01,4.550000000000001,84.2
1556,2015-02-01,4.45,35.4
1557,2015-03-01,6.5,71.4
1558,2015-04-01,9.65,21.4
1559,2015-05-01,11.25,83.6
1560,2015-06-01,14.55,43.2
1561,2015-07-01,16.4,30.0
1562,2015-08-01,16.55,66.2
1563,2015-09-01,12.799999999999999,29.2
1564,2015-10-01,10.8,80.4
1565,2015-11-01,9.35,126.8
1566,2015-12-01,9.1,121.2
1567,2016-01-01,5.5,84.8
1568,2016-02-01,4.9,68.6
1569,2016-03-01,6.0,87.2
1570,2016-04-01,7.699999999999999,65.8
1571,2016-05-01,12.399999999999999,58.2
1572,2016-06-01,14.95,130.4
1573,2016-07-01,17.4,30.0
1574,2016-08-01,17.1,62.0
1575,2016-09-01,16.2,44.2
1576,2016-10-01,10.899999999999999,29.2
1577,2016-11-01,6.050000000000001,95.6
1578,2016-12-01,6.7,31.8
1579,2017-01-01,4.45,41.6
1580,2017-02-01,5.8,58.2
1581,2017-03-01,8.9,62.6
1582,2017-04-01,9.5,15.8
1583,2017-05-01,13.45,53.2
1584,2017-06-01,16.45,89.0
1585,2017-07-01,16.9,78.2
1586,2017-08-01,16.0,68.6
1587,2017-09-01,13.8,70.4
1588,2017-10-01,12.6,46.0
1589,2017-11-01,7.199999999999999,43.2
1590,2017-12-01,5.1,70.2
1591,2018-01-01,5.1,124.2
1592,2018-02-01,2.9499999999999997,41.2
1593,2018-03-01,4.6,113.2
1594,2018-04-01,9.6,97.0
1595,2018-05-01,14.049999999999999,36.8
1596,2018-06-01,16.6,23.2
1597,2018-07-01,19.65,23.2
1598,2018-08-01,17.55,27.4
1599,2018-09-01,14.1,88.6
1600,2018-10-01,10.9,49.0
1601,2018-11-01,8.0,73.6
1602,2018-12-01,6.6000000000000005,100.8
1603,2019-01-01,4.699999999999999,27.4
1604,2019-02-01,7.199999999999999,32.2
1605,2019-03-01,8.1,118.2
1606,2019-04-01,9.25,16.2
1607,2019-05-01,11.950000000000001,43.8
1608,2019-06-01,14.55,130.2
1609,2019-07-01,18.4,126.0
1610,2019-08-01,17.85,64.8
1611,2019-09-01,14.3,139.2
1612,2019-10-01,9.65,135.6
1613,2019-11-01,5.9,200.0
1614,2019-12-01,5.85,73.0
1615,2020-01-01,6.699999999999999,53.8
1616,2020-02-01,5.95,224.6
1617,2020-03-01,6.699999999999999,43.6
1618,2020-04-01,10.65,12.4
1619,2020-05-01,13.049999999999999,5.4
1620,2020-06-01,15.2,91.0
1621,2020-07-01,16.0,79.4
1622,2020-08-01,17.35,115.2
1623,2020-09-01,14.4,25.4
1624,2020-10-01,10.25,96.2
1625,2020-11-01,8.35,38.6
1626,2020-12-01,4.95,126.6
1627,2021-01-01,3.0500000000000003,145.2
1628,2021-02-01,4.7,84.8
1629,2021-03-01,7.75,68.2
1630,2021-04-01,6.7,5.6
1631,2021-05-01,10.55,130.2
1632,2021-06-01,16.1,21.6
1633,2021-07-01,18.45,69.4
1634,2021-08-01,16.4,30.8
1635,2021-09-01,16.4,46.4
1636,2021-10-01,12.05,83.0
1637,2021-11-01,8.05,52.0
1638,2021-12-01,5.8,102.4
1639,2022-01-01,5.3,25.8
1640,2022-02-01,6.55,182.6
1641,2022-03-01,7.800000000000001,46.4
1642,2022-04-01,9.399999999999999,27.6
1643,2022-05-01,13.7,28.4
1644,2022-06-01,15.6,55.0
1645,2022-07-01,18.85,23.8
1646,2022-08-01,18.75,56.4
1647,2022-09-01,14.75,50.0
1648,2022-10-01,12.6,124.0
1649,2022-11-01,8.75,122.8
1650,2022-12-01,3.7,79.6
1651,2023-01-01,5.4,82.8
1652,2023-02-01,7.2,9.4
1653,2023-03-01,7.0,110.2
1654,2023-04-01,8.9,63.8
1655,2023-05-01,13.399999999999999,18.6
1656,2023-06-01,17.15,35.6
1657,2023-07-01,16.35,162.0
1658,2023-08-01,16.85,54.8
1659,2023-09-01,16.85,76.6
1660,2023-10-01,11.9,203.2
1661,2023-11-01,7.2,108.2
1662,2023-12-01,6.7,163.4
1663,2024-01-01,4.8,72.0
1664,2024-02-01,7.5,91.8
1665,2024-03-01,7.75,94.4
1666,2024-04-01,9.4,86.2
1667,2024-05-01,14.5,58.4
1668,2024-06-01,14.9,28.4
1669,2024-07-01,16.75,86.4
1670,2024-08-01,17.0,19.0
1671,2024-09-01,13.55,143.2
1672,2024-10-01,11.149999999999999,75.8
1673,2024-11-01,7.05,62.8
1674,2024-12-01,6.95,118.0
